"op_id","route","role","control_action","precondition","expected","actual","user_case_ids","evidence_ids","result","previous_result","previous_actual","previous_evidence_ids","verification_environment","audit_date_hkt","execution_sha","execution_fixture_result","execution_live_result","execution_evidence","execution_blocker"
"OP01","/zh-HK","公開頁面訪客（沿用瀏覽器登入）","開首頁","未登入","主要內容及入口可讀","首頁及掃描／樣本／定價入口已載入；本輪瀏覽器保留登入。","UC01","E34","pass","pass","已載入中文主頁","E10","production main f49e1bd","2026-10-07","fbf8f9d209edf5ce47fc01d979c167371ffa2c76","Related tests only; exact normal operation not executed","not_run","docs/remediation/2026-10-07/evidence/command-receipts.json;docs/remediation/2026-10-07/evidence/task-coverage.json;docs/remediation/2026-10-07/evidence/ci-reports.json;docs/remediation/2026-10-07/evidence/runtime-readback.json;docs/remediation/2026-10-07/rollout-rollback-proposal.md","Normal role/session and/or specific consequential-action authorization missing"
"OP02","/zh-HK/scan","訪客","提交無效URL","not a url","明確錯誤可重試","not a url返回中文有效網址提示，保留值，可重試；未建立新掃描。","UC02","E34","pass","pass","中文有效網址錯誤及重試按鈕","E10","production main f49e1bd","2026-10-07","fbf8f9d209edf5ce47fc01d979c167371ffa2c76","Related tests only; exact normal operation not executed","not_run","docs/remediation/2026-10-07/evidence/command-receipts.json;docs/remediation/2026-10-07/evidence/task-coverage.json;docs/remediation/2026-10-07/evidence/ci-reports.json;docs/remediation/2026-10-07/evidence/runtime-readback.json;docs/remediation/2026-10-07/rollout-rollback-proposal.md","Normal role/session and/or specific consequential-action authorization missing"
"OP03","/zh-HK/scan","訪客","提交有效掃描","fimmick.com/en/；科技／香港","完成並到結果頁","本輪未重做此操作；舊結果只保留為歷史證據。","UC01","","not-tested","pass","結果73/B，20項","E02","production main f49e1bd","2026-10-07","fbf8f9d209edf5ce47fc01d979c167371ffa2c76","Related tests only; exact normal operation not executed","not_run","docs/remediation/2026-10-07/evidence/command-receipts.json;docs/remediation/2026-10-07/evidence/task-coverage.json;docs/remediation/2026-10-07/evidence/ci-reports.json;docs/remediation/2026-10-07/evidence/runtime-readback.json;docs/remediation/2026-10-07/rollout-rollback-proposal.md","Normal role/session and/or specific consequential-action authorization missing"
"OP04","/zh-HK/result/:scanId","訪客","閱讀檢查數量","既有scan f06ab399；非新掃描","pass+warn+fail=total","讀取9/11既有報告，11+5+4=20；未重跑掃描。","UC01","E34","pass","pass","11+5+4=20","E02","production main f49e1bd","2026-10-07","fbf8f9d209edf5ce47fc01d979c167371ffa2c76","Related tests only; exact normal operation not executed","not_run","docs/remediation/2026-10-07/evidence/command-receipts.json;docs/remediation/2026-10-07/evidence/task-coverage.json;docs/remediation/2026-10-07/evidence/ci-reports.json;docs/remediation/2026-10-07/evidence/runtime-readback.json;docs/remediation/2026-10-07/rollout-rollback-proposal.md","Normal role/session and/or specific consequential-action authorization missing"
"OP05","/zh-HK/result/:scanId","訪客","依llms-full建議決定修復","既有報告及合成解析probe","名稱與檢查目標一致","c6文案仍指llms-full；R01重現錯誤目標／解析。","UC01;UC02","E34;E31:R01","fail","fail","F01不一致","E02;E06:R01","production main f49e1bd","2026-10-07","fbf8f9d209edf5ce47fc01d979c167371ffa2c76","Related tests only; exact normal operation not executed","not_run","docs/remediation/2026-10-07/evidence/command-receipts.json;docs/remediation/2026-10-07/evidence/task-coverage.json;docs/remediation/2026-10-07/evidence/ci-reports.json;docs/remediation/2026-10-07/evidence/runtime-readback.json;docs/remediation/2026-10-07/rollout-rollback-proposal.md","Normal role/session and/or specific consequential-action authorization missing"
"OP06","/zh-HK/result/:scanId","訪客","比較行業平均","既有報告；一般B2C/global","有可核對資料依據","一般B2C平均47、比平均+26，仍沒有資料來源。","UC01","E34","fail","fail","F02固定61","E02;E08","production main f49e1bd","2026-10-07","fbf8f9d209edf5ce47fc01d979c167371ffa2c76","Related tests only; exact normal operation not executed","not_run","docs/remediation/2026-10-07/evidence/command-receipts.json;docs/remediation/2026-10-07/evidence/task-coverage.json;docs/remediation/2026-10-07/evidence/ci-reports.json;docs/remediation/2026-10-07/evidence/runtime-readback.json;docs/remediation/2026-10-07/rollout-rollback-proposal.md","Normal role/session and/or specific consequential-action authorization missing"
"OP07","/zh-HK/result/:scanId","訪客","判讀平台可見度","新掃描","明確區分存取與觀察","五平台仍顯示可見；同頁免責說明不足以支持該徽章。","UC01","E34","fail","fail","F03徽章過強","E02;E08","production main f49e1bd","2026-10-07","fbf8f9d209edf5ce47fc01d979c167371ffa2c76","Related tests only; exact normal operation not executed","not_run","docs/remediation/2026-10-07/evidence/command-receipts.json;docs/remediation/2026-10-07/evidence/task-coverage.json;docs/remediation/2026-10-07/evidence/ci-reports.json;docs/remediation/2026-10-07/evidence/runtime-readback.json;docs/remediation/2026-10-07/rollout-rollback-proposal.md","Normal role/session and/or specific consequential-action authorization missing"
"OP08","/zh-HK/result/:scanId","訪客","選首項改善問題","warn及fail並存","依證據及優先度","c6警告列#1，報告有後續fail；R04吻合。","UC02","E34;E31:R04","fail","fail","F04固定順序","E02;E06:R04","production main f49e1bd","2026-10-07","fbf8f9d209edf5ce47fc01d979c167371ffa2c76","Related tests only; exact normal operation not executed","not_run","docs/remediation/2026-10-07/evidence/command-receipts.json;docs/remediation/2026-10-07/evidence/task-coverage.json;docs/remediation/2026-10-07/evidence/ci-reports.json;docs/remediation/2026-10-07/evidence/runtime-readback.json;docs/remediation/2026-10-07/rollout-rollback-proposal.md","Normal role/session and/or specific consequential-action authorization missing"
"OP09","/zh-HK/sample-report","訪客","閱讀樣本來源","未登入","標示合成","樣本明確標示虛構、未掃描及不能歸因改善。","UC16","E34","pass","pass","明確合成示例","E04","production main f49e1bd","2026-10-07","fbf8f9d209edf5ce47fc01d979c167371ffa2c76","Related tests only; exact normal operation not executed","not_run","docs/remediation/2026-10-07/evidence/command-receipts.json;docs/remediation/2026-10-07/evidence/task-coverage.json;docs/remediation/2026-10-07/evidence/ci-reports.json;docs/remediation/2026-10-07/evidence/runtime-readback.json;docs/remediation/2026-10-07/rollout-rollback-proposal.md","Normal role/session and/or specific consequential-action authorization missing"
"OP10","/zh-HK/pricing","訪客","展開Pulse FAQ","未登入","顯示答案","Pulse FAQ展開；明確稱規劃中每週功能。","UC16","E34","pass","pass","成功展開","E10","production main f49e1bd","2026-10-07","fbf8f9d209edf5ce47fc01d979c167371ffa2c76","Related tests only; exact normal operation not executed","not_run","docs/remediation/2026-10-07/evidence/command-receipts.json;docs/remediation/2026-10-07/evidence/task-coverage.json;docs/remediation/2026-10-07/evidence/ci-reports.json;docs/remediation/2026-10-07/evidence/runtime-readback.json;docs/remediation/2026-10-07/rollout-rollback-proposal.md","Normal role/session and/or specific consequential-action authorization missing"
"OP11","/zh-HK/pricing","訪客","切換EN","未登入","/en/pricing","切換後/en/pricing及英文內容。","UC16","E34","pass","pass","已觀察該URL及英文內容","E10","production main f49e1bd","2026-10-07","fbf8f9d209edf5ce47fc01d979c167371ffa2c76","Related tests only; exact normal operation not executed","not_run","docs/remediation/2026-10-07/evidence/command-receipts.json;docs/remediation/2026-10-07/evidence/task-coverage.json;docs/remediation/2026-10-07/evidence/ci-reports.json;docs/remediation/2026-10-07/evidence/runtime-readback.json;docs/remediation/2026-10-07/rollout-rollback-proposal.md","Normal role/session and/or specific consequential-action authorization missing"
"OP12","/zh-HK/auth/login","回訪用戶","查看登入方法","未登入","可選Google／電郵","本輪未重做此操作；舊結果只保留為歷史證據。","UC10","","not-tested","pass","兩種入口可見","E03;E10","production main f49e1bd","2026-10-07","fbf8f9d209edf5ce47fc01d979c167371ffa2c76","Related tests only; exact normal operation not executed","not_run","docs/remediation/2026-10-07/evidence/command-receipts.json;docs/remediation/2026-10-07/evidence/task-coverage.json;docs/remediation/2026-10-07/evidence/ci-reports.json;docs/remediation/2026-10-07/evidence/runtime-readback.json;docs/remediation/2026-10-07/rollout-rollback-proposal.md","Normal role/session and/or specific consequential-action authorization missing"
"OP13","/zh-HK/auth/login","回訪用戶","完成Google驗證","使用者安全提供識別資料","登入後到工作區","本輪未重做此操作；舊結果只保留為歷史證據。","UC10","","not-tested","pass","使用者完成安全登入；portfolio及指定品牌可讀。","E12","production main f49e1bd","2026-10-07","fbf8f9d209edf5ce47fc01d979c167371ffa2c76","Related tests only; exact normal operation not executed","not_run","docs/remediation/2026-10-07/evidence/command-receipts.json;docs/remediation/2026-10-07/evidence/task-coverage.json;docs/remediation/2026-10-07/evidence/ci-reports.json;docs/remediation/2026-10-07/evidence/runtime-readback.json;docs/remediation/2026-10-07/rollout-rollback-proposal.md","Normal role/session and/or specific consequential-action authorization missing"
"OP14","/zh-HK/dashboard/:clientId/entities","回訪用戶","深連結進登入頁","未登入","保存return-to","本輪未重做此操作；舊結果只保留為歷史證據。","UC10","","not-tested","fail","重導時無next","E03;E07","production main f49e1bd","2026-10-07","fbf8f9d209edf5ce47fc01d979c167371ffa2c76","Related tests only; exact normal operation not executed","not_run","docs/remediation/2026-10-07/evidence/command-receipts.json;docs/remediation/2026-10-07/evidence/task-coverage.json;docs/remediation/2026-10-07/evidence/ci-reports.json;docs/remediation/2026-10-07/evidence/runtime-readback.json;docs/remediation/2026-10-07/rollout-rollback-proposal.md","Normal role/session and/or specific consequential-action authorization missing"
"OP15","https://aiso-kappa.vercel.app/zh-HK/dashboard/ad73afa0-15ad-4790-8a7b-000f7efbec25/entities","匿名","直接讀取受保護頁","未登入","先要求登入","本輪未重做此操作；舊結果只保留為歷史證據。","UC15","","not-tested","pass","重導/zh-HK/auth/login","E07","production main f49e1bd","2026-10-07","fbf8f9d209edf5ce47fc01d979c167371ffa2c76","Related tests only; exact normal operation not executed","not_run","docs/remediation/2026-10-07/evidence/command-receipts.json;docs/remediation/2026-10-07/evidence/task-coverage.json;docs/remediation/2026-10-07/evidence/ci-reports.json;docs/remediation/2026-10-07/evidence/runtime-readback.json;docs/remediation/2026-10-07/rollout-rollback-proposal.md","Normal role/session and/or specific consequential-action authorization missing"
"OP16","https://aiso-kappa.vercel.app/zh-HK/dashboard/ad73afa0-15ad-4790-8a7b-000f7efbec25/opportunities","匿名","直接讀取受保護頁","未登入","先要求登入","本輪未重做此操作；舊結果只保留為歷史證據。","UC15","","not-tested","pass","重導/zh-HK/auth/login","E07","production main f49e1bd","2026-10-07","fbf8f9d209edf5ce47fc01d979c167371ffa2c76","Related tests only; exact normal operation not executed","not_run","docs/remediation/2026-10-07/evidence/command-receipts.json;docs/remediation/2026-10-07/evidence/task-coverage.json;docs/remediation/2026-10-07/evidence/ci-reports.json;docs/remediation/2026-10-07/evidence/runtime-readback.json;docs/remediation/2026-10-07/rollout-rollback-proposal.md","Normal role/session and/or specific consequential-action authorization missing"
"OP17","https://aiso-kappa.vercel.app/zh-HK/dashboard/ad73afa0-15ad-4790-8a7b-000f7efbec25/observations","匿名","直接讀取受保護頁","未登入","先要求登入","本輪未重做此操作；舊結果只保留為歷史證據。","UC15","","not-tested","pass","重導/zh-HK/auth/login","E07","production main f49e1bd","2026-10-07","fbf8f9d209edf5ce47fc01d979c167371ffa2c76","Related tests only; exact normal operation not executed","not_run","docs/remediation/2026-10-07/evidence/command-receipts.json;docs/remediation/2026-10-07/evidence/task-coverage.json;docs/remediation/2026-10-07/evidence/ci-reports.json;docs/remediation/2026-10-07/evidence/runtime-readback.json;docs/remediation/2026-10-07/rollout-rollback-proposal.md","Normal role/session and/or specific consequential-action authorization missing"
"OP18","https://aiso-kappa.vercel.app/zh-HK/dashboard/ad73afa0-15ad-4790-8a7b-000f7efbec25/sources","匿名","直接讀取受保護頁","未登入","先要求登入","本輪未重做此操作；舊結果只保留為歷史證據。","UC15","","not-tested","pass","重導/zh-HK/auth/login","E07","production main f49e1bd","2026-10-07","fbf8f9d209edf5ce47fc01d979c167371ffa2c76","Related tests only; exact normal operation not executed","not_run","docs/remediation/2026-10-07/evidence/command-receipts.json;docs/remediation/2026-10-07/evidence/task-coverage.json;docs/remediation/2026-10-07/evidence/ci-reports.json;docs/remediation/2026-10-07/evidence/runtime-readback.json;docs/remediation/2026-10-07/rollout-rollback-proposal.md","Normal role/session and/or specific consequential-action authorization missing"
"OP19","https://aiso-kappa.vercel.app/zh-HK/dashboard/ad73afa0-15ad-4790-8a7b-000f7efbec25/prompts","匿名","直接讀取受保護頁","未登入","先要求登入","本輪未重做此操作；舊結果只保留為歷史證據。","UC15","","not-tested","pass","重導/zh-HK/auth/login","E07","production main f49e1bd","2026-10-07","fbf8f9d209edf5ce47fc01d979c167371ffa2c76","Related tests only; exact normal operation not executed","not_run","docs/remediation/2026-10-07/evidence/command-receipts.json;docs/remediation/2026-10-07/evidence/task-coverage.json;docs/remediation/2026-10-07/evidence/ci-reports.json;docs/remediation/2026-10-07/evidence/runtime-readback.json;docs/remediation/2026-10-07/rollout-rollback-proposal.md","Normal role/session and/or specific consequential-action authorization missing"
"OP20","/api/clients/ad73afa0-15ad-4790-8a7b-000f7efbec25/entity","匿名","GET API","無cookie","401","本輪未重做此操作；舊結果只保留為歷史證據。","UC15","","not-tested","pass","401","E07","production main f49e1bd","2026-10-07","fbf8f9d209edf5ce47fc01d979c167371ffa2c76","Related tests only; exact normal operation not executed","not_run","docs/remediation/2026-10-07/evidence/command-receipts.json;docs/remediation/2026-10-07/evidence/task-coverage.json;docs/remediation/2026-10-07/evidence/ci-reports.json;docs/remediation/2026-10-07/evidence/runtime-readback.json;docs/remediation/2026-10-07/rollout-rollback-proposal.md","Normal role/session and/or specific consequential-action authorization missing"
"OP21","/api/clients/ad73afa0-15ad-4790-8a7b-000f7efbec25/opportunities","匿名","GET API","無cookie","401","本輪未重做此操作；舊結果只保留為歷史證據。","UC15","","not-tested","pass","401","E07","production main f49e1bd","2026-10-07","fbf8f9d209edf5ce47fc01d979c167371ffa2c76","Related tests only; exact normal operation not executed","not_run","docs/remediation/2026-10-07/evidence/command-receipts.json;docs/remediation/2026-10-07/evidence/task-coverage.json;docs/remediation/2026-10-07/evidence/ci-reports.json;docs/remediation/2026-10-07/evidence/runtime-readback.json;docs/remediation/2026-10-07/rollout-rollback-proposal.md","Normal role/session and/or specific consequential-action authorization missing"
"OP22","/api/clients/ad73afa0-15ad-4790-8a7b-000f7efbec25/observations","匿名","GET API","無cookie","401","本輪未重做此操作；舊結果只保留為歷史證據。","UC15","","not-tested","pass","401","E07","production main f49e1bd","2026-10-07","fbf8f9d209edf5ce47fc01d979c167371ffa2c76","Related tests only; exact normal operation not executed","not_run","docs/remediation/2026-10-07/evidence/command-receipts.json;docs/remediation/2026-10-07/evidence/task-coverage.json;docs/remediation/2026-10-07/evidence/ci-reports.json;docs/remediation/2026-10-07/evidence/runtime-readback.json;docs/remediation/2026-10-07/rollout-rollback-proposal.md","Normal role/session and/or specific consequential-action authorization missing"
"OP23","/api/clients/ad73afa0-15ad-4790-8a7b-000f7efbec25/sources","匿名","GET API","無cookie","401","本輪未重做此操作；舊結果只保留為歷史證據。","UC15","","not-tested","pass","401","E07","production main f49e1bd","2026-10-07","fbf8f9d209edf5ce47fc01d979c167371ffa2c76","Related tests only; exact normal operation not executed","not_run","docs/remediation/2026-10-07/evidence/command-receipts.json;docs/remediation/2026-10-07/evidence/task-coverage.json;docs/remediation/2026-10-07/evidence/ci-reports.json;docs/remediation/2026-10-07/evidence/runtime-readback.json;docs/remediation/2026-10-07/rollout-rollback-proposal.md","Normal role/session and/or specific consequential-action authorization missing"
"OP24","/api/dashboard/clients/ad73afa0-15ad-4790-8a7b-000f7efbec25/prompts","匿名","GET API","無cookie","401","本輪未重做此操作；舊結果只保留為歷史證據。","UC15","","not-tested","pass","401","E07","production main f49e1bd","2026-10-07","fbf8f9d209edf5ce47fc01d979c167371ffa2c76","Related tests only; exact normal operation not executed","not_run","docs/remediation/2026-10-07/evidence/command-receipts.json;docs/remediation/2026-10-07/evidence/task-coverage.json;docs/remediation/2026-10-07/evidence/ci-reports.json;docs/remediation/2026-10-07/evidence/runtime-readback.json;docs/remediation/2026-10-07/rollout-rollback-proposal.md","Normal role/session and/or specific consequential-action authorization missing"
"OP25","https://aiso-kappa.vercel.app/zh-HK/dashboard/ad73afa0-15ad-4790-8a7b-000f7efbec25/entities","帳戶成員","載入目前品牌資料","已登入及具品牌存取權","詳UC驗收","品牌名、aliases、未驗證狀態可讀，token證據文字已遮蔽。","UC12","E23","pass","pass","名稱AISO Dev Brand、aliases空白、私人未驗證提示可讀。","E13","production main f49e1bd","2026-10-07","fbf8f9d209edf5ce47fc01d979c167371ffa2c76","Related tests only; exact normal operation not executed","not_run","docs/remediation/2026-10-07/evidence/command-receipts.json;docs/remediation/2026-10-07/evidence/task-coverage.json;docs/remediation/2026-10-07/evidence/ci-reports.json;docs/remediation/2026-10-07/evidence/runtime-readback.json;docs/remediation/2026-10-07/rollout-rollback-proposal.md","Normal role/session and/or specific consequential-action authorization missing"
"OP26","https://aiso-kappa.vercel.app/zh-HK/dashboard/ad73afa0-15ad-4790-8a7b-000f7efbec25/entities","帳戶成員","儲存名稱及別名","已登入及具品牌存取權","詳UC驗收","本輪未重做此操作；舊結果只保留為歷史證據。","UC12","","not-tested","pass","原值儲存及測試alias儲存成功；最終還原原值並重讀。","E13","production main f49e1bd","2026-10-07","fbf8f9d209edf5ce47fc01d979c167371ffa2c76","Related tests only; exact normal operation not executed","not_run","docs/remediation/2026-10-07/evidence/command-receipts.json;docs/remediation/2026-10-07/evidence/task-coverage.json;docs/remediation/2026-10-07/evidence/ci-reports.json;docs/remediation/2026-10-07/evidence/runtime-readback.json;docs/remediation/2026-10-07/rollout-rollback-proposal.md","Normal role/session and/or specific consequential-action authorization missing"
"OP27","https://aiso-kappa.vercel.app/zh-HK/dashboard/ad73afa0-15ad-4790-8a7b-000f7efbec25/entities","帳戶成員","409衝突後保留草稿／重新載入","已登入及具品牌存取權","詳UC驗收","本輪未重做此操作；舊結果只保留為歷史證據。","UC18","","not-tested","pass","舊視窗提交被拒，草稿保留；重新載入後取到較新值。","E13","production main f49e1bd","2026-10-07","fbf8f9d209edf5ce47fc01d979c167371ffa2c76","Related tests only; exact normal operation not executed","not_run","docs/remediation/2026-10-07/evidence/command-receipts.json;docs/remediation/2026-10-07/evidence/task-coverage.json;docs/remediation/2026-10-07/evidence/ci-reports.json;docs/remediation/2026-10-07/evidence/runtime-readback.json;docs/remediation/2026-10-07/rollout-rollback-proposal.md","Normal role/session and/or specific consequential-action authorization missing"
"OP28","https://aiso-kappa.vercel.app/zh-HK/dashboard/ad73afa0-15ad-4790-8a7b-000f7efbec25/entities","帳戶成員","檢查網域擁有權","已登入及具品牌存取權","詳UC驗收","既有token已於上次建立；缺乾淨首次使用品牌，未觸發網域外部驗證。","UC17","E23","blocked","fail","首次缺少驗證內容；按檢查才生成token並回token_absent。未聲稱驗證網域成功。","E13;E19","production main f49e1bd","2026-10-07","fbf8f9d209edf5ce47fc01d979c167371ffa2c76","Related tests only; exact normal operation not executed","not_run","docs/remediation/2026-10-07/evidence/command-receipts.json;docs/remediation/2026-10-07/evidence/task-coverage.json;docs/remediation/2026-10-07/evidence/ci-reports.json;docs/remediation/2026-10-07/evidence/runtime-readback.json;docs/remediation/2026-10-07/rollout-rollback-proposal.md","Normal role/session and/or specific consequential-action authorization missing"
"OP29","https://aiso-kappa.vercel.app/zh-HK/dashboard/ad73afa0-15ad-4790-8a7b-000f7efbec25/opportunities","帳戶成員","載入及重新整理改善建議","已登入及具品牌存取權","詳UC驗收","16項建議可讀；重新整理後顯示建議已更新。","UC12","E25","pass","pass","16項建議可讀；重新整理顯示建議已更新。可用性缺口另OP61。","E14","production main f49e1bd","2026-10-07","fbf8f9d209edf5ce47fc01d979c167371ffa2c76","Related tests only; exact normal operation not executed","not_run","docs/remediation/2026-10-07/evidence/command-receipts.json;docs/remediation/2026-10-07/evidence/task-coverage.json;docs/remediation/2026-10-07/evidence/ci-reports.json;docs/remediation/2026-10-07/evidence/runtime-readback.json;docs/remediation/2026-10-07/rollout-rollback-proposal.md","Normal role/session and/or specific consequential-action authorization missing"
"OP30","https://aiso-kappa.vercel.app/zh-HK/dashboard/ad73afa0-15ad-4790-8a7b-000f7efbec25/opportunities","帳戶成員","把建議存為草稿","已登入及具品牌存取權","詳UC驗收","本輪未重做此操作；舊結果只保留為歷史證據。","UC12","","not-tested","pass","c11保存為新私人草稿，成功開啟。","E14","production main f49e1bd","2026-10-07","fbf8f9d209edf5ce47fc01d979c167371ffa2c76","Related tests only; exact normal operation not executed","not_run","docs/remediation/2026-10-07/evidence/command-receipts.json;docs/remediation/2026-10-07/evidence/task-coverage.json;docs/remediation/2026-10-07/evidence/ci-reports.json;docs/remediation/2026-10-07/evidence/runtime-readback.json;docs/remediation/2026-10-07/rollout-rollback-proposal.md","Normal role/session and/or specific consequential-action authorization missing"
"OP31","https://aiso-kappa.vercel.app/zh-HK/dashboard/ad73afa0-15ad-4790-8a7b-000f7efbec25/opportunities","帳戶成員","從建議儲存後進入已儲存草稿清單","已登入及具品牌存取權","詳UC驗收","本輪未重做此操作；舊結果只保留為歷史證據。","UC19","","not-tested","fail","儲存後只列新草稿；按重新整理草稿才見新舊兩項。載入更多另OP63。","E14;E19","production main f49e1bd","2026-10-07","fbf8f9d209edf5ce47fc01d979c167371ffa2c76","Related tests only; exact normal operation not executed","not_run","docs/remediation/2026-10-07/evidence/command-receipts.json;docs/remediation/2026-10-07/evidence/task-coverage.json;docs/remediation/2026-10-07/evidence/ci-reports.json;docs/remediation/2026-10-07/evidence/runtime-readback.json;docs/remediation/2026-10-07/rollout-rollback-proposal.md","Normal role/session and/or specific consequential-action authorization missing"
"OP32","https://aiso-kappa.vercel.app/zh-HK/dashboard/ad73afa0-15ad-4790-8a7b-000f7efbec25/opportunities","帳戶成員","開啟既有草稿並核對保留證據","已登入及具品牌存取權","詳UC驗收","重開既有c10草稿，原文、儲存日期及證據限制可讀；本輪未進版本頁。","UC12","E25","pass","pass","原有c10及新c11草稿可開啟，證據／限制可讀，版本頁可達。","E14","production main f49e1bd","2026-10-07","fbf8f9d209edf5ce47fc01d979c167371ffa2c76","Related tests only; exact normal operation not executed","not_run","docs/remediation/2026-10-07/evidence/command-receipts.json;docs/remediation/2026-10-07/evidence/task-coverage.json;docs/remediation/2026-10-07/evidence/ci-reports.json;docs/remediation/2026-10-07/evidence/runtime-readback.json;docs/remediation/2026-10-07/rollout-rollback-proposal.md","Normal role/session and/or specific consequential-action authorization missing"
"OP33","https://aiso-kappa.vercel.app/zh-HK/dashboard/ad73afa0-15ad-4790-8a7b-000f7efbec25/observations","帳戶成員","載入及空白狀態","已登入及具品牌存取權","詳UC驗收","8啟用問題，0觀察，週次未知，明確空白狀態。","UC09","E26","pass","pass","0筆觀察、未知週份、8題下拉與限制說明可見。","E15","production main f49e1bd","2026-10-07","fbf8f9d209edf5ce47fc01d979c167371ffa2c76","Related tests only; exact normal operation not executed","not_run","docs/remediation/2026-10-07/evidence/command-receipts.json;docs/remediation/2026-10-07/evidence/task-coverage.json;docs/remediation/2026-10-07/evidence/ci-reports.json;docs/remediation/2026-10-07/evidence/runtime-readback.json;docs/remediation/2026-10-07/rollout-rollback-proposal.md","Normal role/session and/or specific consequential-action authorization missing"
"OP34","https://aiso-kappa.vercel.app/zh-HK/dashboard/ad73afa0-15ad-4790-8a7b-000f7efbec25/observations","帳戶成員","問題及平台篩選","已登入及具品牌存取權","詳UC驗收","選What is AISO Dev Brand?及gpt-4o，套用後0列空白狀態。","UC09","E26","pass","pass","選指定問題及gpt-4o，套用後正常回0筆空白狀態。週篩選另OP62。","E15","production main f49e1bd","2026-10-07","fbf8f9d209edf5ce47fc01d979c167371ffa2c76","Related tests only; exact normal operation not executed","not_run","docs/remediation/2026-10-07/evidence/command-receipts.json;docs/remediation/2026-10-07/evidence/task-coverage.json;docs/remediation/2026-10-07/evidence/ci-reports.json;docs/remediation/2026-10-07/evidence/runtime-readback.json;docs/remediation/2026-10-07/rollout-rollback-proposal.md","Normal role/session and/or specific consequential-action authorization missing"
"OP35","https://aiso-kappa.vercel.app/zh-HK/dashboard/ad73afa0-15ad-4790-8a7b-000f7efbec25/observations","帳戶成員","下一頁游標及重试","已登入及具品牌存取權","詳UC驗收","0列沒有分頁；未注入正式API失敗。","UC09","E26","blocked","not-tested","品牌0觀察，沒有下一頁；未注入請求失敗。","E15","production main f49e1bd","2026-10-07","fbf8f9d209edf5ce47fc01d979c167371ffa2c76","Related tests only; exact normal operation not executed","not_run","docs/remediation/2026-10-07/evidence/command-receipts.json;docs/remediation/2026-10-07/evidence/task-coverage.json;docs/remediation/2026-10-07/evidence/ci-reports.json;docs/remediation/2026-10-07/evidence/runtime-readback.json;docs/remediation/2026-10-07/rollout-rollback-proposal.md","Normal role/session and/or specific consequential-action authorization missing"
"OP36","https://aiso-kappa.vercel.app/zh-HK/dashboard/ad73afa0-15ad-4790-8a7b-000f7efbec25/sources","帳戶成員","載入来源與状态","已登入及具品牌存取權","詳UC驗收","1待核准、0使用中，v1及既有來源可讀。","UC05","E24","pass","pass","0來源初始空白及建立後待核准來源可讀。","E16","production main f49e1bd","2026-10-07","fbf8f9d209edf5ce47fc01d979c167371ffa2c76","Related tests only; exact normal operation not executed","not_run","docs/remediation/2026-10-07/evidence/command-receipts.json;docs/remediation/2026-10-07/evidence/task-coverage.json;docs/remediation/2026-10-07/evidence/ci-reports.json;docs/remediation/2026-10-07/evidence/runtime-readback.json;docs/remediation/2026-10-07/rollout-rollback-proposal.md","Normal role/session and/or specific consequential-action authorization missing"
"OP37","https://aiso-kappa.vercel.app/zh-HK/dashboard/ad73afa0-15ad-4790-8a7b-000f7efbec25/sources","帳戶成員","貼上問答匯入","已登入及具品牌存取權","詳UC驗收","本輪未重做此操作；舊結果只保留為歷史證據。","UC05","","not-tested","pass","1組合成問答建立v1未核准來源；代理使用關閉。","E16","production main f49e1bd","2026-10-07","fbf8f9d209edf5ce47fc01d979c167371ffa2c76","Related tests only; exact normal operation not executed","not_run","docs/remediation/2026-10-07/evidence/command-receipts.json;docs/remediation/2026-10-07/evidence/task-coverage.json;docs/remediation/2026-10-07/evidence/ci-reports.json;docs/remediation/2026-10-07/evidence/runtime-readback.json;docs/remediation/2026-10-07/rollout-rollback-proposal.md","Normal role/session and/or specific consequential-action authorization missing"
"OP38","https://aiso-kappa.vercel.app/zh-HK/dashboard/ad73afa0-15ad-4790-8a7b-000f7efbec25/sources","帳戶成員","無效CSV拒絕且不寫入","已登入及具品牌存取權","詳UC驗收","缺答案CSV被拒；reload後仍只有原有1個來源。未重新測有效CSV匯入。","UC11","E24","pass","pass","缺答案CSV顯示格式錯誤且未寫入；有效同內容CSV成功識別unchanged，未增加來源或版本。","E16","production main f49e1bd","2026-10-07","fbf8f9d209edf5ce47fc01d979c167371ffa2c76","Related tests only; exact normal operation not executed","not_run","docs/remediation/2026-10-07/evidence/command-receipts.json;docs/remediation/2026-10-07/evidence/task-coverage.json;docs/remediation/2026-10-07/evidence/ci-reports.json;docs/remediation/2026-10-07/evidence/runtime-readback.json;docs/remediation/2026-10-07/rollout-rollback-proposal.md","Normal role/session and/or specific consequential-action authorization missing"
"OP39","https://aiso-kappa.vercel.app/zh-HK/dashboard/ad73afa0-15ad-4790-8a7b-000f7efbec25/sources","帳戶成員","同內容重匯入並核准","已登入及具品牌存取權","詳UC驗收","本輪未重做此操作；舊結果只保留為歷史證據。","UC05","","not-tested","fail","同內容勾立即核准後仍1待核准，重讀仍未核准。","E16;E06:R07","production main f49e1bd","2026-10-07","fbf8f9d209edf5ce47fc01d979c167371ffa2c76","Related tests only; exact normal operation not executed","not_run","docs/remediation/2026-10-07/evidence/command-receipts.json;docs/remediation/2026-10-07/evidence/task-coverage.json;docs/remediation/2026-10-07/evidence/ci-reports.json;docs/remediation/2026-10-07/evidence/runtime-readback.json;docs/remediation/2026-10-07/rollout-rollback-proposal.md","Normal role/session and/or specific consequential-action authorization missing"
"OP40","https://aiso-kappa.vercel.app/zh-HK/dashboard/ad73afa0-15ad-4790-8a7b-000f7efbec25/sources","帳戶成員","切換代理使用許可","已登入及具品牌存取權","詳UC驗收","本輪未重做此操作；舊結果只保留為歷史證據。","UC05","","not-tested","not-tested","看見允許代理使用按鈕；合成來源維持不可引用，未切換。","E16","production main f49e1bd","2026-10-07","fbf8f9d209edf5ce47fc01d979c167371ffa2c76","Related tests only; exact normal operation not executed","not_run","docs/remediation/2026-10-07/evidence/command-receipts.json;docs/remediation/2026-10-07/evidence/task-coverage.json;docs/remediation/2026-10-07/evidence/ci-reports.json;docs/remediation/2026-10-07/evidence/runtime-readback.json;docs/remediation/2026-10-07/rollout-rollback-proposal.md","Normal role/session and/or specific consequential-action authorization missing"
"OP41","https://aiso-kappa.vercel.app/zh-HK/dashboard/ad73afa0-15ad-4790-8a7b-000f7efbec25/prompts","帳戶成員","讀取分類及問題數量","Pro隔離測試帳戶及指定品牌存取權","詳UC驗收","Free帳戶可看到Pro功能門檻；本輪沒有Pro正常登入fixture。","UC06","E27","blocked","blocked","已登入Free帳戶；問題庫編輯為Pro方案功能。只觀察門檻，未升級或繞過。","E17","production main f49e1bd","2026-10-07","fbf8f9d209edf5ce47fc01d979c167371ffa2c76","Related tests only; exact normal operation not executed","not_run","docs/remediation/2026-10-07/evidence/command-receipts.json;docs/remediation/2026-10-07/evidence/task-coverage.json;docs/remediation/2026-10-07/evidence/ci-reports.json;docs/remediation/2026-10-07/evidence/runtime-readback.json;docs/remediation/2026-10-07/rollout-rollback-proposal.md","Normal role/session and/or specific consequential-action authorization missing"
"OP42","https://aiso-kappa.vercel.app/zh-HK/dashboard/ad73afa0-15ad-4790-8a7b-000f7efbec25/prompts","帳戶成員","新增中文問題","Pro隔離測試帳戶及指定品牌存取權","詳UC驗收","Free帳戶可看到Pro功能門檻；本輪沒有Pro正常登入fixture。","UC06","E27","blocked","blocked","已登入Free帳戶；問題庫編輯為Pro方案功能。只觀察門檻，未升級或繞過。","E17","production main f49e1bd","2026-10-07","fbf8f9d209edf5ce47fc01d979c167371ffa2c76","Related tests only; exact normal operation not executed","not_run","docs/remediation/2026-10-07/evidence/command-receipts.json;docs/remediation/2026-10-07/evidence/task-coverage.json;docs/remediation/2026-10-07/evidence/ci-reports.json;docs/remediation/2026-10-07/evidence/runtime-readback.json;docs/remediation/2026-10-07/rollout-rollback-proposal.md","Normal role/session and/or specific consequential-action authorization missing"
"OP43","https://aiso-kappa.vercel.app/zh-HK/dashboard/ad73afa0-15ad-4790-8a7b-000f7efbec25/prompts","帳戶成員","編輯及取消","Pro隔離測試帳戶及指定品牌存取權","詳UC驗收","Free帳戶可看到Pro功能門檻；本輪沒有Pro正常登入fixture。","UC06","E27","blocked","blocked","已登入Free帳戶；問題庫編輯為Pro方案功能。只觀察門檻，未升級或繞過。","E17","production main f49e1bd","2026-10-07","fbf8f9d209edf5ce47fc01d979c167371ffa2c76","Related tests only; exact normal operation not executed","not_run","docs/remediation/2026-10-07/evidence/command-receipts.json;docs/remediation/2026-10-07/evidence/task-coverage.json;docs/remediation/2026-10-07/evidence/ci-reports.json;docs/remediation/2026-10-07/evidence/runtime-readback.json;docs/remediation/2026-10-07/rollout-rollback-proposal.md","Normal role/session and/or specific consequential-action authorization missing"
"OP44","https://aiso-kappa.vercel.app/zh-HK/dashboard/ad73afa0-15ad-4790-8a7b-000f7efbec25/prompts","帳戶成員","啟用／停用並重試失敗","Pro隔離測試帳戶及指定品牌存取權","詳UC驗收","Free帳戶可看到Pro功能門檻；本輪沒有Pro正常登入fixture。","UC06","E27","blocked","blocked","已登入Free帳戶；問題庫編輯為Pro方案功能。只觀察門檻，未升級或繞過。","E17","production main f49e1bd","2026-10-07","fbf8f9d209edf5ce47fc01d979c167371ffa2c76","Related tests only; exact normal operation not executed","not_run","docs/remediation/2026-10-07/evidence/command-receipts.json;docs/remediation/2026-10-07/evidence/task-coverage.json;docs/remediation/2026-10-07/evidence/ci-reports.json;docs/remediation/2026-10-07/evidence/runtime-readback.json;docs/remediation/2026-10-07/rollout-rollback-proposal.md","Normal role/session and/or specific consequential-action authorization missing"
"OP45","https://aiso-kappa.vercel.app/zh-HK/dashboard/ad73afa0-15ad-4790-8a7b-000f7efbec25/prompts","帳戶成員","套用建議問題","Pro隔離測試帳戶及指定品牌存取權","詳UC驗收","Free帳戶可看到Pro功能門檻；本輪沒有Pro正常登入fixture。","UC06","E27","blocked","blocked","已登入Free帳戶；問題庫編輯為Pro方案功能。只觀察門檻，未升級或繞過。","E17","production main f49e1bd","2026-10-07","fbf8f9d209edf5ce47fc01d979c167371ffa2c76","Related tests only; exact normal operation not executed","not_run","docs/remediation/2026-10-07/evidence/command-receipts.json;docs/remediation/2026-10-07/evidence/task-coverage.json;docs/remediation/2026-10-07/evidence/ci-reports.json;docs/remediation/2026-10-07/evidence/runtime-readback.json;docs/remediation/2026-10-07/rollout-rollback-proposal.md","Normal role/session and/or specific consequential-action authorization missing"
"OP46","https://aiso-kappa.vercel.app/zh-HK/dashboard/ad73afa0-15ad-4790-8a7b-000f7efbec25/sources","帳戶成員","撤回來源（終止使用）","隔離可拋棄資料","撤回後不再被引用；歷史可追溯","本輪未重做此操作；舊結果只保留為歷史證據。","UC05","","not-tested","not-tested","涉及終止狀態，本次未執行","E08","production main f49e1bd","2026-10-07","fbf8f9d209edf5ce47fc01d979c167371ffa2c76","Related tests only; exact normal operation not executed","not_run","docs/remediation/2026-10-07/evidence/command-receipts.json;docs/remediation/2026-10-07/evidence/task-coverage.json;docs/remediation/2026-10-07/evidence/ci-reports.json;docs/remediation/2026-10-07/evidence/runtime-readback.json;docs/remediation/2026-10-07/rollout-rollback-proposal.md","Normal role/session and/or specific consequential-action authorization missing"
"OP47","https://aiso-kappa.vercel.app/zh-HK/dashboard/ad73afa0-15ad-4790-8a7b-000f7efbec25/prompts","帳戶成員","永久刪除問題","隔離可拋棄資料","刪除策略及既有觀察保留","本輪未重做此操作；舊結果只保留為歷史證據。","UC06","","not-tested","not-tested","本次未執行","E08","production main f49e1bd","2026-10-07","fbf8f9d209edf5ce47fc01d979c167371ffa2c76","Related tests only; exact normal operation not executed","not_run","docs/remediation/2026-10-07/evidence/command-receipts.json;docs/remediation/2026-10-07/evidence/task-coverage.json;docs/remediation/2026-10-07/evidence/ci-reports.json;docs/remediation/2026-10-07/evidence/runtime-readback.json;docs/remediation/2026-10-07/rollout-rollback-proposal.md","Normal role/session and/or specific consequential-action authorization missing"
"OP48","/zh-HK/onboarding","新用戶","完成及失敗續行","隔離測試帳戶","UC04","現有Free帳戶品牌1/1；未取得fresh-signup隔離session。未重開真實試用。","UC04","E32","blocked","blocked","現有Free帳戶已有品牌且限1；未取得新的隔離帳戶，不重開真實試用。","E08;E12","production main f49e1bd","2026-10-07","fbf8f9d209edf5ce47fc01d979c167371ffa2c76","Related tests only; exact normal operation not executed","not_run","docs/remediation/2026-10-07/evidence/command-receipts.json;docs/remediation/2026-10-07/evidence/task-coverage.json;docs/remediation/2026-10-07/evidence/ci-reports.json;docs/remediation/2026-10-07/evidence/runtime-readback.json;docs/remediation/2026-10-07/rollout-rollback-proposal.md","Normal role/session and/or specific consequential-action authorization missing"
"OP49","/api/cron/pulse","系統","正式週排程及續跑","合法服務憑證／readonly紀錄","UC08/UC13","只讀cron_runs總數0；未觸發週排程／provider。實際coverage、nextDueAt未知。","UC08;UC13","E30","blocked","not-tested","未觸發正式排程；只查程式及紀錄","E08;E11","production main f49e1bd","2026-10-07","fbf8f9d209edf5ce47fc01d979c167371ffa2c76","Related tests only; exact normal operation not executed","not_run","docs/remediation/2026-10-07/evidence/command-receipts.json;docs/remediation/2026-10-07/evidence/task-coverage.json;docs/remediation/2026-10-07/evidence/ci-reports.json;docs/remediation/2026-10-07/evidence/runtime-readback.json;docs/remediation/2026-10-07/rollout-rollback-proposal.md","Normal role/session and/or specific consequential-action authorization missing"
"OP50","/api/cron/trial-emails","系統","每日試用電郵","隔離收件箱","正確去重及失敗重試","無隔離收件箱及本輪寄信授權；僅檢查程式與排程記錄。","UC13","E30;E36","blocked","not-tested","未寄信","E08","production main f49e1bd","2026-10-07","fbf8f9d209edf5ce47fc01d979c167371ffa2c76","Related tests only; exact normal operation not executed","not_run","docs/remediation/2026-10-07/evidence/command-receipts.json;docs/remediation/2026-10-07/evidence/task-coverage.json;docs/remediation/2026-10-07/evidence/ci-reports.json;docs/remediation/2026-10-07/evidence/runtime-readback.json;docs/remediation/2026-10-07/rollout-rollback-proposal.md","Normal role/session and/or specific consequential-action authorization missing"
"OP51","/api/cron/search-console","系統","每日搜尋資料同步","啟用flag及測試binding","成功／停用／失敗均可辨識","feature flag/測試binding未確認，正式schema缺search_console_sync_runs；未觸發。","UC13","E30","blocked","not-tested","未觸發；生效配置unknown","E08;E11","production main f49e1bd","2026-10-07","fbf8f9d209edf5ce47fc01d979c167371ffa2c76","Related tests only; exact normal operation not executed","not_run","docs/remediation/2026-10-07/evidence/command-receipts.json;docs/remediation/2026-10-07/evidence/task-coverage.json;docs/remediation/2026-10-07/evidence/ci-reports.json;docs/remediation/2026-10-07/evidence/runtime-readback.json;docs/remediation/2026-10-07/rollout-rollback-proposal.md","Normal role/session and/or specific consequential-action authorization missing"
"OP52","https://aiso-kappa.vercel.app/zh-HK/dashboard/ad73afa0-15ad-4790-8a7b-000f7efbec25","帳戶A/B","跨租戶read/write","兩個隔離登入租戶","UC15","只有一個正常登入帳戶，未以第二租戶執行讀写。","UC15","E22;E32","blocked","blocked","現有帳戶已可操作指定品牌；缺第二隔離租戶，未做跨租戶read/write。","E07;E12","production main f49e1bd","2026-10-07","fbf8f9d209edf5ce47fc01d979c167371ffa2c76","Related tests only; exact normal operation not executed","not_run","docs/remediation/2026-10-07/evidence/command-receipts.json;docs/remediation/2026-10-07/evidence/task-coverage.json;docs/remediation/2026-10-07/evidence/ci-reports.json;docs/remediation/2026-10-07/evidence/runtime-readback.json;docs/remediation/2026-10-07/rollout-rollback-proposal.md","Normal role/session and/or specific consequential-action authorization missing"
"OP53","https://aiso-kappa.vercel.app/zh-HK/dashboard/ad73afa0-15ad-4790-8a7b-000f7efbec25","手機／輔助工具","五工具鍵盤與手機操作","登入+360/390px+reader","UC14","完成桌面操作；瀏覽器未提供viewport控制，本輪無手機或screenreader真人驗收。","UC14","E22;E24;E25;E27","blocked","not-tested","已完成桌面public與部分登入操作；未做手機／screenreader。","E08;E12-E18","production main f49e1bd","2026-10-07","fbf8f9d209edf5ce47fc01d979c167371ffa2c76","Related tests only; exact normal operation not executed","not_run","docs/remediation/2026-10-07/evidence/command-receipts.json;docs/remediation/2026-10-07/evidence/task-coverage.json;docs/remediation/2026-10-07/evidence/ci-reports.json;docs/remediation/2026-10-07/evidence/runtime-readback.json;docs/remediation/2026-10-07/rollout-rollback-proposal.md","Normal role/session and/or specific consequential-action authorization missing"
"OP54","https://aiso-kappa.vercel.app/zh-HK/dashboard/ad73afa0-15ad-4790-8a7b-000f7efbec25/sources","維護員","201來源及批次失敗重試","隔離DB","UC11","正式來源只有1筆；沒有本輪獨立DB大量測試fixture。候選CI與作者query-plan另列。","UC11","E24;E21","blocked","not-tested","未建立正式大量資料","E08","production main f49e1bd","2026-10-07","fbf8f9d209edf5ce47fc01d979c167371ffa2c76","Related tests only; exact normal operation not executed","not_run","docs/remediation/2026-10-07/evidence/command-receipts.json;docs/remediation/2026-10-07/evidence/task-coverage.json;docs/remediation/2026-10-07/evidence/ci-reports.json;docs/remediation/2026-10-07/evidence/runtime-readback.json;docs/remediation/2026-10-07/rollout-rollback-proposal.md","Normal role/session and/or specific consequential-action authorization missing"
"OP55","https://aiso-kappa.vercel.app/zh-HK/dashboard/ad73afa0-15ad-4790-8a7b-000f7efbec25/opportunities","維護員","250觀察完整候選及交付循環","隔離DB","UC12","正式觀察0列；無新角色fixture完成250筆→覆核→交付→再量測。","UC12","E26;E21","blocked","not-tested","新草稿建立重讀及覆核門檻已觀察；250筆全量及完整交付再量測未完成。","E08;E14;E15","production main f49e1bd","2026-10-07","fbf8f9d209edf5ce47fc01d979c167371ffa2c76","Related tests only; exact normal operation not executed","not_run","docs/remediation/2026-10-07/evidence/command-receipts.json;docs/remediation/2026-10-07/evidence/task-coverage.json;docs/remediation/2026-10-07/evidence/ci-reports.json;docs/remediation/2026-10-07/evidence/runtime-readback.json;docs/remediation/2026-10-07/rollout-rollback-proposal.md","Normal role/session and/or specific consequential-action authorization missing"
"OP56","https://aiso-kappa.vercel.app/zh-HK/dashboard/ad73afa0-15ad-4790-8a7b-000f7efbec25/entities","帳戶成員","空名稱必填檢查","原名稱備份","不送出空名稱且可復原","空名稱由瀏覽器必填阻止；恢復原值，未儲存修改。","UC18","E23","pass","pass","瀏覽器必填阻擋；已恢復原名稱。","E13","production main f49e1bd","2026-10-07","fbf8f9d209edf5ce47fc01d979c167371ffa2c76","Related tests only; exact normal operation not executed","not_run","docs/remediation/2026-10-07/evidence/command-receipts.json;docs/remediation/2026-10-07/evidence/task-coverage.json;docs/remediation/2026-10-07/evidence/ci-reports.json;docs/remediation/2026-10-07/evidence/runtime-readback.json;docs/remediation/2026-10-07/rollout-rollback-proposal.md","Normal role/session and/or specific consequential-action authorization missing"
"OP57","https://aiso-kappa.vercel.app/zh-HK/dashboard/ad73afa0-15ad-4790-8a7b-000f7efbec25/opportunities","帳戶成員","既有版本的自批及交付門檻","提交者角色；既有待覆核v1","不能自批；未核准不能匯出或交付","本輪未重做此操作；舊結果只保留為歷史證據。","UC12","","not-tested","pass","UI說明獨立覆核；匯出JSON/文字及記錄交付為disabled。未嘗試API越權。","E14","production main f49e1bd","2026-10-07","fbf8f9d209edf5ce47fc01d979c167371ffa2c76","Related tests only; exact normal operation not executed","not_run","docs/remediation/2026-10-07/evidence/command-receipts.json;docs/remediation/2026-10-07/evidence/task-coverage.json;docs/remediation/2026-10-07/evidence/ci-reports.json;docs/remediation/2026-10-07/evidence/runtime-readback.json;docs/remediation/2026-10-07/rollout-rollback-proposal.md","Normal role/session and/or specific consequential-action authorization missing"
"OP58","https://aiso-kappa.vercel.app/zh-HK/dashboard/ad73afa0-15ad-4790-8a7b-000f7efbec25/opportunities","帳戶成員","修改私人草稿並從版本頁重讀","新AUDIT草稿","標題備註持久且不自動提交","本輪未重做此操作；舊結果只保留為歷史證據。","UC19","","not-tested","pass","revision2、AUDIT標題備註及尚未提交版本可見。","E14","production main f49e1bd","2026-10-07","fbf8f9d209edf5ce47fc01d979c167371ffa2c76","Related tests only; exact normal operation not executed","not_run","docs/remediation/2026-10-07/evidence/command-receipts.json;docs/remediation/2026-10-07/evidence/task-coverage.json;docs/remediation/2026-10-07/evidence/ci-reports.json;docs/remediation/2026-10-07/evidence/runtime-readback.json;docs/remediation/2026-10-07/rollout-rollback-proposal.md","Normal role/session and/or specific consequential-action authorization missing"
"OP59","https://aiso-kappa.vercel.app/zh-HK/dashboard/ad73afa0-15ad-4790-8a7b-000f7efbec25?step=monitor","帳戶成員","閱讀監測空白狀態與量度限制","Free品牌；0觀察","未知說明，不虛構改善或成功率","8啟用問題、0觀察、未知freshness；顯示非provider成功率／歸因改善。","UC13","E28","pass","pass","8啟用題、0觀察、未知freshness；頁面明示不等於provider成功率或歸因改善。","E18","production main f49e1bd","2026-10-07","fbf8f9d209edf5ce47fc01d979c167371ffa2c76","Related tests only; exact normal operation not executed","not_run","docs/remediation/2026-10-07/evidence/command-receipts.json;docs/remediation/2026-10-07/evidence/task-coverage.json;docs/remediation/2026-10-07/evidence/ci-reports.json;docs/remediation/2026-10-07/evidence/runtime-readback.json;docs/remediation/2026-10-07/rollout-rollback-proposal.md","Normal role/session and/or specific consequential-action authorization missing"
"OP60","https://aiso-kappa.vercel.app/zh-HK/dashboard/ad73afa0-15ad-4790-8a7b-000f7efbec25/sources","帳戶成員","重讀測試來源持久狀態","已匯入同代號v1","不增加版本；狀態與回應一致","無效CSV後重讀：仍1待核准、0使用中、v1。","UC05","E24","pass","pass","重新进入仍1待核准、0使用中、版本1；未允許代理。","E16","production main f49e1bd","2026-10-07","fbf8f9d209edf5ce47fc01d979c167371ffa2c76","Related tests only; exact normal operation not executed","not_run","docs/remediation/2026-10-07/evidence/command-receipts.json;docs/remediation/2026-10-07/evidence/task-coverage.json;docs/remediation/2026-10-07/evidence/ci-reports.json;docs/remediation/2026-10-07/evidence/runtime-readback.json;docs/remediation/2026-10-07/rollout-rollback-proposal.md","Normal role/session and/or specific consequential-action authorization missing"
"OP61","https://aiso-kappa.vercel.app/zh-HK/dashboard/ad73afa0-15ad-4790-8a7b-000f7efbec25/opportunities","帳戶成員","解讀改善建議並決定先做甚麼","16個掃描候選","人可理解的名稱與證據優先順序","c10_headings等代號與泛用行動，warning先於多個fail。","UC12;UC19","E25","fail","fail","內部checkKey及泛用指示，c10 warn先於c11/c1 fail。","E14;E19","production main f49e1bd","2026-10-07","fbf8f9d209edf5ce47fc01d979c167371ffa2c76","Related tests only; exact normal operation not executed","not_run","docs/remediation/2026-10-07/evidence/command-receipts.json;docs/remediation/2026-10-07/evidence/task-coverage.json;docs/remediation/2026-10-07/evidence/ci-reports.json;docs/remediation/2026-10-07/evidence/runtime-readback.json;docs/remediation/2026-10-07/rollout-rollback-proposal.md","Normal role/session and/or specific consequential-action authorization missing"
"OP62","https://aiso-kappa.vercel.app/zh-HK/dashboard/ad73afa0-15ad-4790-8a7b-000f7efbec25/observations","帳戶成員","多週資料篩選","至少兩週保留觀察","切週結果一致","只有未知週，無两週可供實測。","UC09","E26","blocked","not-tested","目前只有未知週及0觀察，未能驗證。","E15","production main f49e1bd","2026-10-07","fbf8f9d209edf5ce47fc01d979c167371ffa2c76","Related tests only; exact normal operation not executed","not_run","docs/remediation/2026-10-07/evidence/command-receipts.json;docs/remediation/2026-10-07/evidence/task-coverage.json;docs/remediation/2026-10-07/evidence/ci-reports.json;docs/remediation/2026-10-07/evidence/runtime-readback.json;docs/remediation/2026-10-07/rollout-rollback-proposal.md","Normal role/session and/or specific consequential-action authorization missing"
"OP63","https://aiso-kappa.vercel.app/zh-HK/dashboard/ad73afa0-15ad-4790-8a7b-000f7efbec25/opportunities","帳戶成員","草稿載入更多","超過一頁草稿","游標無重複遺漏","只有2份草稿，沒有下一頁；未建立大量正式資料。","UC12","E25","blocked","not-tested","目前2份草稿沒有下一頁；本輪未建大量草稿。","E14","production main f49e1bd","2026-10-07","fbf8f9d209edf5ce47fc01d979c167371ffa2c76","Related tests only; exact normal operation not executed","not_run","docs/remediation/2026-10-07/evidence/command-receipts.json;docs/remediation/2026-10-07/evidence/task-coverage.json;docs/remediation/2026-10-07/evidence/ci-reports.json;docs/remediation/2026-10-07/evidence/runtime-readback.json;docs/remediation/2026-10-07/rollout-rollback-proposal.md","Normal role/session and/or specific consequential-action authorization missing"
"OP64","https://aiso-kappa.vercel.app/zh-HK/dashboard","帳戶成員","未核准来源的設定進度","只有1個未核准來源","仍2/6，下一步首個已批核來源","3/6、下一步首件已批核工作；DB核准0。","UC20","E24;E30;E32","fail","","","","production","2026-10-07","fbf8f9d209edf5ce47fc01d979c167371ffa2c76","Related tests only; exact normal operation not executed","not_run","docs/remediation/2026-10-07/evidence/command-receipts.json;docs/remediation/2026-10-07/evidence/task-coverage.json;docs/remediation/2026-10-07/evidence/ci-reports.json;docs/remediation/2026-10-07/evidence/runtime-readback.json;docs/remediation/2026-10-07/rollout-rollback-proposal.md","Normal role/session and/or specific consequential-action authorization missing"
"OP65","https://aiso-kappa.vercel.app/zh-HK/dashboard","回訪用戶","session讀取及頁面恢復","現有登入session","直接載入受保護頁","首次server error707726101，reload恢復；runtime相同digest。","UC21","E33","fail","","","","production","2026-10-07","fbf8f9d209edf5ce47fc01d979c167371ffa2c76","Related tests only; exact normal operation not executed","not_run","docs/remediation/2026-10-07/evidence/command-receipts.json;docs/remediation/2026-10-07/evidence/task-coverage.json;docs/remediation/2026-10-07/evidence/ci-reports.json;docs/remediation/2026-10-07/evidence/runtime-readback.json;docs/remediation/2026-10-07/rollout-rollback-proposal.md","Normal role/session and/or specific consequential-action authorization missing"
"OP66","lib/checks/factualDensity.ts","稽核者／模擬provider","provider錯誤及錯誤型別","隔離合成provider；main及candidate","null/unavailable，有限數值；不偽造50","两版本R08/R09均重現50／NaN。","UC22","E35;E36","fail","","","","local synthetic source probe; not live UI","2026-10-07","fbf8f9d209edf5ce47fc01d979c167371ffa2c76","Verified synthetic provider parser/outage/legacy rendering; not a paid provider run","not_run","docs/remediation/2026-10-07/evidence/command-receipts.json;docs/remediation/2026-10-07/evidence/task-coverage.json;docs/remediation/2026-10-07/evidence/ci-reports.json;docs/remediation/2026-10-07/evidence/runtime-readback.json;docs/remediation/2026-10-07/rollout-rollback-proposal.md","Production rollout remains pending"
"OP67","https://aiso-kappa.vercel.app/zh-HK/dashboard/ad73afa0-15ad-4790-8a7b-000f7efbec25/opportunities","帳戶成員","重開既有草稿後清單完整性","原有2份草稿","兩份均保留在清單","開c10僅列c10；按重新整理才出現另一份AUDIT草稿。","UC19","E25","fail","","","","production","2026-10-07","fbf8f9d209edf5ce47fc01d979c167371ffa2c76","Related tests only; exact normal operation not executed","not_run","docs/remediation/2026-10-07/evidence/command-receipts.json;docs/remediation/2026-10-07/evidence/task-coverage.json;docs/remediation/2026-10-07/evidence/ci-reports.json;docs/remediation/2026-10-07/evidence/runtime-readback.json;docs/remediation/2026-10-07/rollout-rollback-proposal.md","Normal role/session and/or specific consequential-action authorization missing"
