"user_case_id","goal_role","preconditions_data","steps","expected","actual","result","evidence_ids","cleanup","previous_result","previous_actual","previous_evidence_ids","audit_date_hkt","execution_sha","execution_fixture_result","execution_live_result","execution_evidence","execution_blocker"
"UC01","訪客：完成首個網站診斷","未登入；fimmick.com/en/；科技／香港","開掃描→輸入URL→選行業地區→提交→閱讀結果","報告完成、訊息有證據、估算與量測分清","讀取既有報告，F01-F03仍在；新掃描未重做。","fail","E34","本輪未建立正式來源／草稿／掃描；表單測試值已離頁清除；未更動核准、代理許可、試用或寄信。","fail","完成73/B、11pass/5warn/4fail；但llms檔案、平均及可見標籤有F01-F03","E02;E08","2026-10-07","fbf8f9d209edf5ce47fc01d979c167371ffa2c76","Related tests only; exact normal operation not executed","not_run","docs/remediation/2026-10-07/evidence/command-receipts.json;docs/remediation/2026-10-07/evidence/task-coverage.json;docs/remediation/2026-10-07/evidence/ci-reports.json;docs/remediation/2026-10-07/evidence/runtime-readback.json;docs/remediation/2026-10-07/rollout-rollback-proposal.md","Normal role/session and/or specific consequential-action authorization missing"
"UC02","訪客：錯誤輸入與可信優先次序","not a url；合成c6 warn/c8 fail；Markdown llms連結","提交無效URL→觀察重試；執行R01/R04","保留輸入可重試；先呈現完整證據的較嚴重問題","無效URL可重試；R01/R04重現診斷及排序缺陷。","fail","E34;E31","本輪未建立正式來源／草稿／掃描；表單測試值已離頁清除；未更動核准、代理許可、試用或寄信。","fail","live有效錯誤提示；隔離重現錯誤檔案解析與warning優先","E06:R01,R04;E10","2026-10-07","fbf8f9d209edf5ce47fc01d979c167371ffa2c76","Related tests only; exact normal operation not executed","not_run","docs/remediation/2026-10-07/evidence/command-receipts.json;docs/remediation/2026-10-07/evidence/task-coverage.json;docs/remediation/2026-10-07/evidence/ci-reports.json;docs/remediation/2026-10-07/evidence/runtime-readback.json;docs/remediation/2026-10-07/rollout-rollback-proposal.md","Normal role/session and/or specific consequential-action authorization missing"
"UC03","分析員：負評與相似字誤判","合成英文負評及pineapple/Apple；不呼叫付費模型","直接呼叫fallback→檢視提及及情緒","負評不可變positive；相似字不可直接當品牌","否定及子字串分類失真在主線再現；candidate降級修復未部署。","fail","E31","本輪未建立正式來源／草稿／掃描；表單測試值已離頁清除；未更動核准、代理許可、試用或寄信。","fail","兩項皆重現錯誤","E06:R02,R03","2026-10-07","fbf8f9d209edf5ce47fc01d979c167371ffa2c76","Related tests only; exact normal operation not executed","not_run","docs/remediation/2026-10-07/evidence/command-receipts.json;docs/remediation/2026-10-07/evidence/task-coverage.json;docs/remediation/2026-10-07/evidence/ci-reports.json;docs/remediation/2026-10-07/evidence/runtime-readback.json;docs/remediation/2026-10-07/rollout-rollback-proposal.md","Normal role/session and/or specific consequential-action authorization missing"
"UC04","新用戶：onboarding失敗後續行","新的隔離測試帳戶；seed timeout及network failure fixture（目前未提供）","填品牌語言市场→提交→中斷→重試→檢查1個client及問題狀態","草稿保留、loading復原、缺失步驟可重試","缺fresh-signup隔離正常session，品牌額度已滿。","blocked","E32","本輪未建立正式來源／草稿／掃描；表單測試值已離頁清除；未更動核准、代理許可、試用或寄信。","blocked","現有Free帳戶已登入且已有唯一品牌；本輪沒有建立新的隔離帳戶或重開試用。F10/F11維持code-only。","E08;E12","2026-10-07","fbf8f9d209edf5ce47fc01d979c167371ffa2c76","Related tests only; exact normal operation not executed","not_run","docs/remediation/2026-10-07/evidence/command-receipts.json;docs/remediation/2026-10-07/evidence/task-coverage.json;docs/remediation/2026-10-07/evidence/ci-reports.json;docs/remediation/2026-10-07/evidence/runtime-readback.json;docs/remediation/2026-10-07/rollout-rollback-proposal.md","Normal role/session and/or specific consequential-action authorization missing"
"UC05","維護員：核准既有未核准來源","指定品牌；AUDIT測試來源；同代號同問答；代理使用維持關閉","首次匯入→第二次同內容勾核准→檢查approvedAt","同版本成已核准、記actor/time、無重複版本","R07主線再現同內容核准失效；既有來源維持未核准，未改正式核准策略。","fail","E24;E31","本輪未建立正式來源／草稿／掃描；表單測試值已離頁清除；未更動核准、代理許可、試用或寄信。","fail","live先建未核准v1，再勾核准同內容重匯入，回unchanged且仍未核准；重讀持續1待核准、0使用中。R07吻合。","E06:R07;E08;E16","2026-10-07","fbf8f9d209edf5ce47fc01d979c167371ffa2c76","Related tests only; exact normal operation not executed","not_run","docs/remediation/2026-10-07/evidence/command-receipts.json;docs/remediation/2026-10-07/evidence/task-coverage.json;docs/remediation/2026-10-07/evidence/ci-reports.json;docs/remediation/2026-10-07/evidence/runtime-readback.json;docs/remediation/2026-10-07/rollout-rollback-proposal.md","Normal role/session and/or specific consequential-action authorization missing"
"UC06","維護員：中文問題新增編輯與啟用","隔離品牌；繁中、英文各一題","新增→重讀→切換→鍵盤編輯→重試失敗","language正確、切換可存取、失敗不吞草稿","Free功能門檻；中文CRUD／Pro寫入未實測。","blocked","E27","本輪未建立正式來源／草稿／掃描；表單測試值已離頁清除；未更動核准、代理許可、試用或寄信。","blocked","已進問題庫，Free方案顯示Pro升級門檻，未購買或繞過。中文language及可存取缺口仍是code-only。","E08;E17","2026-10-07","fbf8f9d209edf5ce47fc01d979c167371ffa2c76","Related tests only; exact normal operation not executed","not_run","docs/remediation/2026-10-07/evidence/command-receipts.json;docs/remediation/2026-10-07/evidence/task-coverage.json;docs/remediation/2026-10-07/evidence/ci-reports.json;docs/remediation/2026-10-07/evidence/runtime-readback.json;docs/remediation/2026-10-07/rollout-rollback-proposal.md","Normal role/session and/or specific consequential-action authorization missing"
"UC07","系統：過期方案不阻塞有效客戶","合成 oldest expired override，其後有付費品牌","SQL候選LIMIT1→resolver過濾→檢視返回","持續找下一合資格品牌","R05主線再現eligibility starvation；正式排程未觸發。","fail","E31","本輪未建立正式來源／草稿／掃描；表單測試值已離頁清除；未更動核准、代理許可、試用或寄信。","fail","R05得到空pending；未跑正式SQL遍歷","E06:R05;E08","2026-10-07","fbf8f9d209edf5ce47fc01d979c167371ffa2c76","Related tests only; exact normal operation not executed","not_run","docs/remediation/2026-10-07/evidence/command-receipts.json;docs/remediation/2026-10-07/evidence/task-coverage.json;docs/remediation/2026-10-07/evidence/ci-reports.json;docs/remediation/2026-10-07/evidence/runtime-readback.json;docs/remediation/2026-10-07/rollout-rollback-proposal.md","Normal role/session and/or specific consequential-action authorization missing"
"UC08","維運：部分平台失敗、續跑及週界","staging manifest 3題×5模型；首題全失敗；雙worker","注入平台失敗→中斷→重試→週界續跑→計總數","15個預期嘗試可追蹤、無漏題、無重複、保留成功答案","正式job沒有新manifest表、cron記錄0；不以此冒稱已執行失敗。","blocked","E30","本輪未建立正式來源／草稿／掃描；表單測試值已離頁清除；未更動核准、代理許可、試用或寄信。","not-tested","R06一筆成功可100%；完整故障注入未執行","E06:R06;E08","2026-10-07","fbf8f9d209edf5ce47fc01d979c167371ffa2c76","Related tests only; exact normal operation not executed","not_run","docs/remediation/2026-10-07/evidence/command-receipts.json;docs/remediation/2026-10-07/evidence/task-coverage.json;docs/remediation/2026-10-07/evidence/ci-reports.json;docs/remediation/2026-10-07/evidence/runtime-readback.json;docs/remediation/2026-10-07/rollout-rollback-proposal.md","Normal role/session and/or specific consequential-action authorization missing"
"UC09","分析員：人工覆核觀察","需要有原始答案、模型及引用的隔離資料；目前品牌0觀察","篩選平台→下一頁→開詳情→核對問題快照及答案","可區分API樣本/產品曝光；標示分類與引用證據","列表／篩選空白狀態已驗；raw answer、多週及分頁缺非空資料。","blocked","E26","本輪未建立正式來源／草稿／掃描；表單測試值已離頁清除；未更動核准、代理許可、試用或寄信。","blocked","已載入0觀察空白狀態，8題可選；問題及gpt-4o平台篩選有回應。沒有答案列，未能驗原文、游標及引用。","E08;E15","2026-10-07","fbf8f9d209edf5ce47fc01d979c167371ffa2c76","Related tests only; exact normal operation not executed","not_run","docs/remediation/2026-10-07/evidence/command-receipts.json;docs/remediation/2026-10-07/evidence/task-coverage.json;docs/remediation/2026-10-07/evidence/ci-reports.json;docs/remediation/2026-10-07/evidence/runtime-readback.json;docs/remediation/2026-10-07/rollout-rollback-proposal.md","Normal role/session and/or specific consequential-action authorization missing"
"UC10","回訪用戶：深連結登入","未登入；5個指定工具URL","直接開工具→登入頁→Google→返回原工具","安全保留原destination","沿用登入可讀；沒有本輪OAuth/magic-link/return-to完整旅程。初次session500另UC21。","blocked","E22;E33","本輪未建立正式來源／草稿／掃描；表單測試值已離頁清除；未更動核准、代理許可、試用或寄信。","fail","匿名五route重導無next已確認；使用者完成安全登入後進入portfolio。登入障礙解除；完整深連結回跳仍需連續情境驗收。","E03;E07;E08;E12","2026-10-07","fbf8f9d209edf5ce47fc01d979c167371ffa2c76","Related tests only; exact normal operation not executed","not_run","docs/remediation/2026-10-07/evidence/command-receipts.json;docs/remediation/2026-10-07/evidence/task-coverage.json;docs/remediation/2026-10-07/evidence/ci-reports.json;docs/remediation/2026-10-07/evidence/runtime-readback.json;docs/remediation/2026-10-07/rollout-rollback-proposal.md","Normal role/session and/or specific consequential-action authorization missing"
"UC11","維護員：201來源與混合CSV匯入","staging 201 source packs；200列內含重複/空白/錯誤","分頁找最舊來源→預覽CSV→提交→重試失敗列","可到達201筆；逐筆原因；相同重試不重複","無效CSV拒絕已驗；201來源、批次有效匯入／重試未完成。","blocked","E24","本輪未建立正式來源／草稿／掃描；表單測試值已離頁清除；未更動核准、代理許可、試用或寄信。","not-tested","錯誤單列CSV被拒絕且沒有來源新增；有效同內容CSV回unchanged且不增版本。201來源／200列混合批次及逐列重試仍未測。","E08;E16","2026-10-07","fbf8f9d209edf5ce47fc01d979c167371ffa2c76","Related tests only; exact normal operation not executed","not_run","docs/remediation/2026-10-07/evidence/command-receipts.json;docs/remediation/2026-10-07/evidence/task-coverage.json;docs/remediation/2026-10-07/evidence/ci-reports.json;docs/remediation/2026-10-07/evidence/runtime-readback.json;docs/remediation/2026-10-07/rollout-rollback-proposal.md","Normal role/session and/or specific consequential-action authorization missing"
"UC12","日常營運：觀察→改善機會→核准資料→草稿→交付→再量測","已登入隔離品牌；250觀察；來源版本","瀏覽全部候選→保存草稿→引用來源版本→覆核→人工交付記錄→後續掃描","保存具證據版本、不冒稱自動發佈或因果提升；候選全可達","建議/草稿可讀但F18/F19；未完成獨立審批及交付再量測。","blocked","E25","本輪未建立正式來源／草稿／掃描；表單測試值已離頁清除；未更動核准、代理許可、試用或寄信。","blocked","首頁有3項今日工作與未知freshness；已讀16項機會、保存並修改1份私人草稿、重讀revision2。既有v1呈待覆核且提交者不能自批，匯出／交付被停用。來源核准F09失敗；無第二覆核角色及觀察資料，完整閉環仍受阻。","E08;E12;E14;E15;E16;E18","2026-10-07","fbf8f9d209edf5ce47fc01d979c167371ffa2c76","Related tests only; exact normal operation not executed","not_run","docs/remediation/2026-10-07/evidence/command-receipts.json;docs/remediation/2026-10-07/evidence/task-coverage.json;docs/remediation/2026-10-07/evidence/ci-reports.json;docs/remediation/2026-10-07/evidence/runtime-readback.json;docs/remediation/2026-10-07/rollout-rollback-proposal.md","Normal role/session and/or specific consequential-action authorization missing"
"UC13","維運：daily/weekly健康與失敗告警","Cloudflare readonly deployment/run摘要；cron_runs及flag摘要","對照HKT時程→近7日run→找未完成品牌→驗證重試","freshness/coverage/lastsuccess可見，壞客戶不阻塞","監測有清楚未知狀態；沒有可驗的job成功、覆蓋及下次執行。","blocked","E28;E30","本輪未建立正式來源／草稿／掃描；表單測試值已離頁清除；未更動核准、代理許可、試用或寄信。","blocked","Vercel版本確認；log query結果不足，worker配置未確認 登入Free品牌0觀察，不能據此推論排程失效。","E01;E08;E11;E18","2026-10-07","fbf8f9d209edf5ce47fc01d979c167371ffa2c76","Related tests only; exact normal operation not executed","not_run","docs/remediation/2026-10-07/evidence/command-receipts.json;docs/remediation/2026-10-07/evidence/task-coverage.json;docs/remediation/2026-10-07/evidence/ci-reports.json;docs/remediation/2026-10-07/evidence/runtime-readback.json;docs/remediation/2026-10-07/rollout-rollback-proposal.md","Normal role/session and/or specific consequential-action authorization missing"
"UC14","手機／輔助工具：五工具可操作","staging已登入；360/390px；鍵盤與螢幕閱讀器","導航→表格篩選→編輯→錯誤→焦點恢復","無橫向溢出；控件有名稱狀態；草稿不丟","桌面操作；未做手機或讀屏驗收。","blocked","E22;E24;E25;E27","本輪未建立正式來源／草稿／掃描；表單測試值已離頁清除；未更動核准、代理許可、試用或寄信。","not-tested","已完成桌面public與指定工具的部分實測；未執行手機或screenreader。","E08","2026-10-07","fbf8f9d209edf5ce47fc01d979c167371ffa2c76","Related tests only; exact normal operation not executed","not_run","docs/remediation/2026-10-07/evidence/command-receipts.json;docs/remediation/2026-10-07/evidence/task-coverage.json;docs/remediation/2026-10-07/evidence/ci-reports.json;docs/remediation/2026-10-07/evidence/runtime-readback.json;docs/remediation/2026-10-07/rollout-rollback-proposal.md","Normal role/session and/or specific consequential-action authorization missing"
"UC15","安全／租戶：跨帳戶及升降級","獨立A/B測試租戶；read/write權限案例","A要求B的5工具read/write→檢查403/404→試用過期→重試","所有查詢與寫入維持account scope；不洩漏存在性","未重測匿名API和第二租戶；不能沿用上次401當新驗收。","blocked","E21","本輪未建立正式來源／草稿／掃描；表單測試值已離頁清除；未更動核准、代理許可、試用或寄信。","blocked","匿名五API皆401；Free帳戶問題庫Pro門檻可見。未有第二測試租戶，跨登入租戶／升降級仍未測。","E07;E08;E17","2026-10-07","fbf8f9d209edf5ce47fc01d979c167371ffa2c76","Related tests only; exact normal operation not executed","not_run","docs/remediation/2026-10-07/evidence/command-receipts.json;docs/remediation/2026-10-07/evidence/task-coverage.json;docs/remediation/2026-10-07/evidence/ci-reports.json;docs/remediation/2026-10-07/evidence/runtime-readback.json;docs/remediation/2026-10-07/rollout-rollback-proposal.md","Normal role/session and/or specific consequential-action authorization missing"
"UC16","訪客：樣本報告、方案FAQ與語系","未登入；公開sample-report/pricing","開示例→讀合成聲明→展開PulseFAQ→切EN","示例與實測清楚；FAQ可展開；路徑語系一致","樣本標示合成，Pulse FAQ稱規劃中；中英文定價切換正常。","pass","E34","本輪未建立正式來源／草稿／掃描；表單測試值已離頁清除；未更動核准、代理許可、試用或寄信。","pass","示例有合成聲明；FAQ展開；pricing切到/en/pricing成功","E04;E10","2026-10-07","fbf8f9d209edf5ce47fc01d979c167371ffa2c76","Related tests only; exact normal operation not executed","not_run","docs/remediation/2026-10-07/evidence/command-receipts.json;docs/remediation/2026-10-07/evidence/task-coverage.json;docs/remediation/2026-10-07/evidence/ci-reports.json;docs/remediation/2026-10-07/evidence/runtime-readback.json;docs/remediation/2026-10-07/rollout-rollback-proposal.md","Normal role/session and/or specific consequential-action authorization missing"
"UC17","管理員：首次取得網域驗證內容","指定品牌example.com；起初無token","開Entities→讀放置檔案說明→按檢查一次","檢查前已有可複製內容","舊品牌已有token，不具首次使用條件。","blocked","E23","本輪未建立正式來源／草稿／掃描；表單測試值已離頁清除；未更動核准、代理許可、試用或寄信。","fail","初次空白；按檢查後才取得內容且token_absent","E13;E19","2026-10-07","fbf8f9d209edf5ce47fc01d979c167371ffa2c76","Related tests only; exact normal operation not executed","not_run","docs/remediation/2026-10-07/evidence/command-receipts.json;docs/remediation/2026-10-07/evidence/task-coverage.json;docs/remediation/2026-10-07/evidence/ci-reports.json;docs/remediation/2026-10-07/evidence/runtime-readback.json;docs/remediation/2026-10-07/rollout-rollback-proposal.md","Normal role/session and/or specific consequential-action authorization missing"
"UC18","協作者：品牌識別資料並行儲存","同品牌兩個視窗同版本；空白aliases","空名稱提交→原值儲存→A改測試alias→B以舊版送出→重載→还原→重讀","必填檢查；舊版不覆蓋較新值；草稿保留可復原","必填驗證已驗；本輪未重做儲存／409並行衝突。","blocked","E23","本輪未建立正式來源／草稿／掃描；表單測試值已離頁清除；未更動核准、代理許可、試用或寄信。","pass","必填阻擋、已私人儲存；B顯示較新版本且保留草稿；重載讀到A；最终aliases已還原空白","E13;E19","2026-10-07","fbf8f9d209edf5ce47fc01d979c167371ffa2c76","Related tests only; exact normal operation not executed","not_run","docs/remediation/2026-10-07/evidence/command-receipts.json;docs/remediation/2026-10-07/evidence/task-coverage.json;docs/remediation/2026-10-07/evidence/ci-reports.json;docs/remediation/2026-10-07/evidence/runtime-readback.json;docs/remediation/2026-10-07/rollout-rollback-proposal.md","Normal role/session and/or specific consequential-action authorization missing"
"UC19","維護員：新增草稿後舊工作仍可見","現有c10草稿；從建議建立c11","保存c11→看草稿清單→手動重新整理→修改AUDIT標題備註→版本頁重讀","新舊草稿都可見且編輯持久","開啟既有草稿仍縮成單項清單，refresh才恢復；未改草稿。","fail","E25","本輪未建立正式來源／草稿／掃描；表單測試值已離頁清除；未更動核准、代理許可、試用或寄信。","fail","首次只列新項，刷新後出現兩項；編輯revision2及未提交狀態重讀通過","E14;E19","2026-10-07","fbf8f9d209edf5ce47fc01d979c167371ffa2c76","Related tests only; exact normal operation not executed","not_run","docs/remediation/2026-10-07/evidence/command-receipts.json;docs/remediation/2026-10-07/evidence/task-coverage.json;docs/remediation/2026-10-07/evidence/ci-reports.json;docs/remediation/2026-10-07/evidence/runtime-readback.json;docs/remediation/2026-10-07/rollout-rollback-proposal.md","Normal role/session and/or specific consequential-action authorization missing"
"UC20","新用戶判斷下一個設定步驟","1未核准來源","讀portfolio→來源→只讀帳戶核准數→追SQL","2/6；核准後才3/6","3/6，核准數0","fail","E24;E30;E32;E36","唯讀或本機合成fixture；無正式產品資料變更。","","","","2026-10-07","fbf8f9d209edf5ce47fc01d979c167371ffa2c76","Related tests only; exact normal operation not executed","not_run","docs/remediation/2026-10-07/evidence/command-receipts.json;docs/remediation/2026-10-07/evidence/task-coverage.json;docs/remediation/2026-10-07/evidence/ci-reports.json;docs/remediation/2026-10-07/evidence/runtime-readback.json;docs/remediation/2026-10-07/rollout-rollback-proposal.md","Normal role/session and/or specific consequential-action authorization missing"
"UC21","回訪用戶穩定進入工作區","正常既有session","開dashboard→觀察錯誤→一次reload→比對runtime","受保護頁可讀；續期不在RSC寫cookie","初次500，reload恢復，digest與runtime吻合","fail","E33;E36","唯讀或本機合成fixture；無正式產品資料變更。","","","","2026-10-07","fbf8f9d209edf5ce47fc01d979c167371ffa2c76","Related tests only; exact normal operation not executed","not_run","docs/remediation/2026-10-07/evidence/command-receipts.json;docs/remediation/2026-10-07/evidence/task-coverage.json;docs/remediation/2026-10-07/evidence/ci-reports.json;docs/remediation/2026-10-07/evidence/runtime-readback.json;docs/remediation/2026-10-07/rollout-rollback-proposal.md","Normal role/session and/or specific consequential-action authorization missing"
"UC22","provider異常仍能正確解讀GEO結果","隔離合成provider","mock outage→mock string score→兩個SHA執行函式→檢視render讀取","unknown/有限值，不偽造50或NaN","R08/R09兩版本均重現問題","fail","E35;E36","唯讀或本機合成fixture；無正式產品資料變更。","","","","2026-10-07","fbf8f9d209edf5ce47fc01d979c167371ffa2c76","Related tests only; exact normal operation not executed","not_run","docs/remediation/2026-10-07/evidence/command-receipts.json;docs/remediation/2026-10-07/evidence/task-coverage.json;docs/remediation/2026-10-07/evidence/ci-reports.json;docs/remediation/2026-10-07/evidence/runtime-readback.json;docs/remediation/2026-10-07/rollout-rollback-proposal.md","Normal role/session and/or specific consequential-action authorization missing"
