"op_id","route","role","control_action","expected","user_case_ids","baseline_evidence_ids","baseline_result","task_ids","fixture_scope","fixture_result","live_result","candidate_sha","evidence_path","cleanup"
"OP01","/zh-HK","訪客","開首頁","主要內容及入口可讀","UC01","E10","pass","T01;T02;T03;T19","public/scan/result fixtures","pending same-SHA candidate gate","待驗收","candidate-manifest.json","artifacts/aiso/T17/","Disposable child / local components only; original live AUDIT unchanged"
"OP02","/zh-HK/scan","訪客","提交無效URL","明確錯誤可重試","UC02","E10","pass","T01;T02;T03;T19","public/scan/result fixtures","pending same-SHA candidate gate","待驗收","candidate-manifest.json","artifacts/aiso/T17/","Disposable child / local components only; original live AUDIT unchanged"
"OP03","/zh-HK/scan","訪客","提交有效掃描","完成並到結果頁","UC01","E02","pass","T01;T02;T03;T19","public/scan/result fixtures","pending same-SHA candidate gate","待驗收","candidate-manifest.json","artifacts/aiso/T17/","Disposable child / local components only; original live AUDIT unchanged"
"OP04","/zh-HK/result/:scanId","訪客","閱讀檢查數量","pass+warn+fail=total","UC01","E02","pass","T01;T02;T03;T19","public/scan/result fixtures","pending same-SHA candidate gate","待驗收","candidate-manifest.json","artifacts/aiso/T17/","Disposable child / local components only; original live AUDIT unchanged"
"OP05","/zh-HK/result/:scanId","訪客","依llms-full建議決定修復","名稱與檢查目標一致","UC01;UC02","E02;E06:R01","fail","T01;T02;T03;T19","public/scan/result fixtures","pending same-SHA candidate gate","待驗收","candidate-manifest.json","artifacts/aiso/T17/","Disposable child / local components only; original live AUDIT unchanged"
"OP06","/zh-HK/result/:scanId","訪客","比較行業平均","有可核對資料依據","UC01","E02;E08","fail","T01;T02;T03;T19","public/scan/result fixtures","pending same-SHA candidate gate","待驗收","candidate-manifest.json","artifacts/aiso/T17/","Disposable child / local components only; original live AUDIT unchanged"
"OP07","/zh-HK/result/:scanId","訪客","判讀平台可見度","明確區分存取與觀察","UC01","E02;E08","fail","T01;T02;T03;T19","public/scan/result fixtures","pending same-SHA candidate gate","待驗收","candidate-manifest.json","artifacts/aiso/T17/","Disposable child / local components only; original live AUDIT unchanged"
"OP08","/zh-HK/result/:scanId","訪客","選首項改善問題","依證據及優先度","UC02","E02;E06:R04","fail","T01;T02;T03;T19","public/scan/result fixtures","pending same-SHA candidate gate","待驗收","candidate-manifest.json","artifacts/aiso/T17/","Disposable child / local components only; original live AUDIT unchanged"
"OP09","/zh-HK/sample-report","訪客","閱讀樣本來源","標示合成","UC16","E04","pass","T01;T02;T03;T19","public/scan/result fixtures","pending same-SHA candidate gate","待驗收","candidate-manifest.json","artifacts/aiso/T17/","Disposable child / local components only; original live AUDIT unchanged"
"OP10","/zh-HK/pricing","訪客","展開Pulse FAQ","顯示答案","UC16","E10","pass","T01;T02;T03;T19","public/scan/result fixtures","pending same-SHA candidate gate","待驗收","candidate-manifest.json","artifacts/aiso/T17/","Disposable child / local components only; original live AUDIT unchanged"
"OP11","/zh-HK/pricing","訪客","切換EN","/en/pricing","UC16","E10","pass","T01;T02;T03;T19","public/scan/result fixtures","pending same-SHA candidate gate","待驗收","candidate-manifest.json","artifacts/aiso/T17/","Disposable child / local components only; original live AUDIT unchanged"
"OP12","/zh-HK/auth/login","回訪用戶","查看登入方法","可選Google／電郵","UC10","E03;E10","pass","T01;T02;T03;T19","public/scan/result fixtures","pending same-SHA candidate gate","待驗收","candidate-manifest.json","artifacts/aiso/T17/","Disposable child / local components only; original live AUDIT unchanged"
"OP13","/zh-HK/auth/login","回訪用戶","完成Google驗證","登入後到工作區","UC10","E12","pass","T14","auth return/proxy and callback fixtures","pending same-SHA candidate gate","受阻","candidate-manifest.json","artifacts/aiso/T17/","Disposable child / local components only; original live AUDIT unchanged"
"OP14","/zh-HK/dashboard/:clientId/entities","回訪用戶","深連結進登入頁","保存return-to","UC10","E03;E07","fail","T14","auth return/proxy and callback fixtures","pending same-SHA candidate gate","待驗收","candidate-manifest.json","artifacts/aiso/T17/","Disposable child / local components only; original live AUDIT unchanged"
"OP15","https://aiso-kappa.vercel.app/zh-HK/dashboard/ad73afa0-15ad-4790-8a7b-000f7efbec25/entities","匿名","直接讀取受保護頁","先要求登入","UC15","E07","pass","T14;T16","auth/session/tenant API fixtures","pending same-SHA candidate gate","待驗收","candidate-manifest.json","artifacts/aiso/T17/","Disposable child / local components only; original live AUDIT unchanged"
"OP16","https://aiso-kappa.vercel.app/zh-HK/dashboard/ad73afa0-15ad-4790-8a7b-000f7efbec25/opportunities","匿名","直接讀取受保護頁","先要求登入","UC15","E07","pass","T14;T16","auth/session/tenant API fixtures","pending same-SHA candidate gate","待驗收","candidate-manifest.json","artifacts/aiso/T17/","Disposable child / local components only; original live AUDIT unchanged"
"OP17","https://aiso-kappa.vercel.app/zh-HK/dashboard/ad73afa0-15ad-4790-8a7b-000f7efbec25/observations","匿名","直接讀取受保護頁","先要求登入","UC15","E07","pass","T14;T16","auth/session/tenant API fixtures","pending same-SHA candidate gate","待驗收","candidate-manifest.json","artifacts/aiso/T17/","Disposable child / local components only; original live AUDIT unchanged"
"OP18","https://aiso-kappa.vercel.app/zh-HK/dashboard/ad73afa0-15ad-4790-8a7b-000f7efbec25/sources","匿名","直接讀取受保護頁","先要求登入","UC15","E07","pass","T14;T16","auth/session/tenant API fixtures","pending same-SHA candidate gate","待驗收","candidate-manifest.json","artifacts/aiso/T17/","Disposable child / local components only; original live AUDIT unchanged"
"OP19","https://aiso-kappa.vercel.app/zh-HK/dashboard/ad73afa0-15ad-4790-8a7b-000f7efbec25/prompts","匿名","直接讀取受保護頁","先要求登入","UC15","E07","pass","T14;T16","auth/session/tenant API fixtures","pending same-SHA candidate gate","待驗收","candidate-manifest.json","artifacts/aiso/T17/","Disposable child / local components only; original live AUDIT unchanged"
"OP20","/api/clients/ad73afa0-15ad-4790-8a7b-000f7efbec25/entity","匿名","GET API","401","UC15","E07","pass","T14;T16","auth/session/tenant API fixtures","pending same-SHA candidate gate","待驗收","candidate-manifest.json","artifacts/aiso/T17/","Disposable child / local components only; original live AUDIT unchanged"
"OP21","/api/clients/ad73afa0-15ad-4790-8a7b-000f7efbec25/opportunities","匿名","GET API","401","UC15","E07","pass","T14;T16","auth/session/tenant API fixtures","pending same-SHA candidate gate","待驗收","candidate-manifest.json","artifacts/aiso/T17/","Disposable child / local components only; original live AUDIT unchanged"
"OP22","/api/clients/ad73afa0-15ad-4790-8a7b-000f7efbec25/observations","匿名","GET API","401","UC15","E07","pass","T14;T16","auth/session/tenant API fixtures","pending same-SHA candidate gate","待驗收","candidate-manifest.json","artifacts/aiso/T17/","Disposable child / local components only; original live AUDIT unchanged"
"OP23","/api/clients/ad73afa0-15ad-4790-8a7b-000f7efbec25/sources","匿名","GET API","401","UC15","E07","pass","T14;T16","auth/session/tenant API fixtures","pending same-SHA candidate gate","待驗收","candidate-manifest.json","artifacts/aiso/T17/","Disposable child / local components only; original live AUDIT unchanged"
"OP24","/api/dashboard/clients/ad73afa0-15ad-4790-8a7b-000f7efbec25/prompts","匿名","GET API","401","UC15","E07","pass","T14;T16","auth/session/tenant API fixtures","pending same-SHA candidate gate","待驗收","candidate-manifest.json","artifacts/aiso/T17/","Disposable child / local components only; original live AUDIT unchanged"
"OP25","https://aiso-kappa.vercel.app/zh-HK/dashboard/ad73afa0-15ad-4790-8a7b-000f7efbec25/entities","帳戶成員","載入目前品牌資料","詳UC驗收","UC12","E13","pass","T18","entities/verification fixtures","pending same-SHA candidate gate","待驗收","candidate-manifest.json","artifacts/aiso/T17/","Disposable child / local components only; original live AUDIT unchanged"
"OP26","https://aiso-kappa.vercel.app/zh-HK/dashboard/ad73afa0-15ad-4790-8a7b-000f7efbec25/entities","帳戶成員","儲存名稱及別名","詳UC驗收","UC12","E13","pass","T18","entities/verification fixtures","pending same-SHA candidate gate","待驗收","candidate-manifest.json","artifacts/aiso/T17/","Disposable child / local components only; original live AUDIT unchanged"
"OP27","https://aiso-kappa.vercel.app/zh-HK/dashboard/ad73afa0-15ad-4790-8a7b-000f7efbec25/entities","帳戶成員","409衝突後保留草稿／重新載入","詳UC驗收","UC18","E13","pass","T18","entities/verification fixtures","pending same-SHA candidate gate","待驗收","candidate-manifest.json","artifacts/aiso/T17/","Disposable child / local components only; original live AUDIT unchanged"
"OP28","https://aiso-kappa.vercel.app/zh-HK/dashboard/ad73afa0-15ad-4790-8a7b-000f7efbec25/entities","帳戶成員","檢查網域擁有權","詳UC驗收","UC17","E13;E19","fail","T18","entities/verification fixtures","pending same-SHA candidate gate","待驗收","candidate-manifest.json","artifacts/aiso/T17/","Disposable child / local components only; original live AUDIT unchanged"
"OP29","https://aiso-kappa.vercel.app/zh-HK/dashboard/ad73afa0-15ad-4790-8a7b-000f7efbec25/opportunities","帳戶成員","載入及重新整理改善建議","詳UC驗收","UC12","E14","pass","T09;T19;T20","opportunity/draft fixtures","pending same-SHA candidate gate","待驗收","candidate-manifest.json","artifacts/aiso/T17/","Disposable child / local components only; original live AUDIT unchanged"
"OP30","https://aiso-kappa.vercel.app/zh-HK/dashboard/ad73afa0-15ad-4790-8a7b-000f7efbec25/opportunities","帳戶成員","把建議存為草稿","詳UC驗收","UC12","E14","pass","T09;T19;T20","opportunity/draft fixtures","pending same-SHA candidate gate","待驗收","candidate-manifest.json","artifacts/aiso/T17/","Disposable child / local components only; original live AUDIT unchanged"
"OP31","https://aiso-kappa.vercel.app/zh-HK/dashboard/ad73afa0-15ad-4790-8a7b-000f7efbec25/opportunities","帳戶成員","從建議儲存後進入已儲存草稿清單","詳UC驗收","UC19","E14;E19","fail","T09;T19;T20","opportunity/draft fixtures","pending same-SHA candidate gate","待驗收","candidate-manifest.json","artifacts/aiso/T17/","Disposable child / local components only; original live AUDIT unchanged"
"OP32","https://aiso-kappa.vercel.app/zh-HK/dashboard/ad73afa0-15ad-4790-8a7b-000f7efbec25/opportunities","帳戶成員","開啟草稿並核對證據版本","詳UC驗收","UC12","E14","pass","T09;T19;T20","opportunity/draft fixtures","pending same-SHA candidate gate","待驗收","candidate-manifest.json","artifacts/aiso/T17/","Disposable child / local components only; original live AUDIT unchanged"
"OP33","https://aiso-kappa.vercel.app/zh-HK/dashboard/ad73afa0-15ad-4790-8a7b-000f7efbec25/observations","帳戶成員","載入及空白狀態","詳UC驗收","UC09","E15","pass","T09;T12","observations fixtures","pending same-SHA candidate gate","待驗收","candidate-manifest.json","artifacts/aiso/T17/","Disposable child / local components only; original live AUDIT unchanged"
"OP34","https://aiso-kappa.vercel.app/zh-HK/dashboard/ad73afa0-15ad-4790-8a7b-000f7efbec25/observations","帳戶成員","問題及平台篩選","詳UC驗收","UC09","E15","pass","T09;T12","observations fixtures","pending same-SHA candidate gate","待驗收","candidate-manifest.json","artifacts/aiso/T17/","Disposable child / local components only; original live AUDIT unchanged"
"OP35","https://aiso-kappa.vercel.app/zh-HK/dashboard/ad73afa0-15ad-4790-8a7b-000f7efbec25/observations","帳戶成員","下一頁游標及重试","詳UC驗收","UC09","E15","not-tested","T09;T12","observations fixtures","pending same-SHA candidate gate","待驗收","candidate-manifest.json","artifacts/aiso/T17/","Disposable child / local components only; original live AUDIT unchanged"
"OP36","https://aiso-kappa.vercel.app/zh-HK/dashboard/ad73afa0-15ad-4790-8a7b-000f7efbec25/sources","帳戶成員","載入来源與状态","詳UC驗收","UC05","E16","pass","T04;T12","source import/approval fixtures","pending same-SHA candidate gate","待驗收","candidate-manifest.json","artifacts/aiso/T17/","Disposable child / local components only; original live AUDIT unchanged"
"OP37","https://aiso-kappa.vercel.app/zh-HK/dashboard/ad73afa0-15ad-4790-8a7b-000f7efbec25/sources","帳戶成員","貼上問答匯入","詳UC驗收","UC05","E16","pass","T04;T12","source import/approval fixtures","pending same-SHA candidate gate","待驗收","candidate-manifest.json","artifacts/aiso/T17/","Disposable child / local components only; original live AUDIT unchanged"
"OP38","https://aiso-kappa.vercel.app/zh-HK/dashboard/ad73afa0-15ad-4790-8a7b-000f7efbec25/sources","帳戶成員","CSV匯入及格式錯誤","詳UC驗收","UC11","E16","pass","T04;T12","source import/approval fixtures","pending same-SHA candidate gate","待驗收","candidate-manifest.json","artifacts/aiso/T17/","Disposable child / local components only; original live AUDIT unchanged"
"OP39","https://aiso-kappa.vercel.app/zh-HK/dashboard/ad73afa0-15ad-4790-8a7b-000f7efbec25/sources","帳戶成員","同內容重匯入並核准","詳UC驗收","UC05","E16;E06:R07","fail","T04;T12","source import/approval fixtures","pending same-SHA candidate gate","待驗收","candidate-manifest.json","artifacts/aiso/T17/","Disposable child / local components only; original live AUDIT unchanged"
"OP40","https://aiso-kappa.vercel.app/zh-HK/dashboard/ad73afa0-15ad-4790-8a7b-000f7efbec25/sources","帳戶成員","切換代理使用許可","詳UC驗收","UC05","E16","not-tested","T04;T12","source import/approval fixtures","pending same-SHA candidate gate","受阻","candidate-manifest.json","artifacts/aiso/T17/","Disposable child / local components only; original live AUDIT unchanged"
"OP41","https://aiso-kappa.vercel.app/zh-HK/dashboard/ad73afa0-15ad-4790-8a7b-000f7efbec25/prompts","帳戶成員","讀取分類及問題數量","詳UC驗收","UC06","E17","blocked","T11;T13","prompt context/a11y/cap fixtures","pending same-SHA candidate gate","受阻","candidate-manifest.json","artifacts/aiso/T17/","Disposable child / local components only; original live AUDIT unchanged"
"OP42","https://aiso-kappa.vercel.app/zh-HK/dashboard/ad73afa0-15ad-4790-8a7b-000f7efbec25/prompts","帳戶成員","新增中文問題","詳UC驗收","UC06","E17","blocked","T11;T13","prompt context/a11y/cap fixtures","pending same-SHA candidate gate","受阻","candidate-manifest.json","artifacts/aiso/T17/","Disposable child / local components only; original live AUDIT unchanged"
"OP43","https://aiso-kappa.vercel.app/zh-HK/dashboard/ad73afa0-15ad-4790-8a7b-000f7efbec25/prompts","帳戶成員","編輯及取消","詳UC驗收","UC06","E17","blocked","T11;T13","prompt context/a11y/cap fixtures","pending same-SHA candidate gate","受阻","candidate-manifest.json","artifacts/aiso/T17/","Disposable child / local components only; original live AUDIT unchanged"
"OP44","https://aiso-kappa.vercel.app/zh-HK/dashboard/ad73afa0-15ad-4790-8a7b-000f7efbec25/prompts","帳戶成員","啟用／停用並重試失敗","詳UC驗收","UC06","E17","blocked","T11;T13","prompt context/a11y/cap fixtures","pending same-SHA candidate gate","受阻","candidate-manifest.json","artifacts/aiso/T17/","Disposable child / local components only; original live AUDIT unchanged"
"OP45","https://aiso-kappa.vercel.app/zh-HK/dashboard/ad73afa0-15ad-4790-8a7b-000f7efbec25/prompts","帳戶成員","套用建議問題","詳UC驗收","UC06","E17","blocked","T11;T13","prompt context/a11y/cap fixtures","pending same-SHA candidate gate","受阻","candidate-manifest.json","artifacts/aiso/T17/","Disposable child / local components only; original live AUDIT unchanged"
"OP46","https://aiso-kappa.vercel.app/zh-HK/dashboard/ad73afa0-15ad-4790-8a7b-000f7efbec25/sources","帳戶成員","撤回來源（終止使用）","撤回後不再被引用；歷史可追溯","UC05","E08","not-tested","T16","disposable revocation/delete fixtures","pending same-SHA candidate gate","受阻","candidate-manifest.json","artifacts/aiso/T17/","Disposable child / local components only; original live AUDIT unchanged"
"OP47","https://aiso-kappa.vercel.app/zh-HK/dashboard/ad73afa0-15ad-4790-8a7b-000f7efbec25/prompts","帳戶成員","永久刪除問題","刪除策略及既有觀察保留","UC06","E08","not-tested","T16","disposable revocation/delete fixtures","pending same-SHA candidate gate","受阻","candidate-manifest.json","artifacts/aiso/T17/","Disposable child / local components only; original live AUDIT unchanged"
"OP48","/zh-HK/onboarding","新用戶","完成及失敗續行","UC04","UC04","E08;E12","blocked","T10","onboarding persistence fixtures","pending same-SHA candidate gate","受阻","candidate-manifest.json","artifacts/aiso/T17/","Disposable child / local components only; original live AUDIT unchanged"
"OP49","/api/cron/pulse","系統","正式週排程及續跑","UC08/UC13","UC08;UC13","E08;E11","not-tested","T00;T05;T06;T07","worker/Pulse coverage fixtures; actual jobs unavailable","pending same-SHA candidate gate","受阻","candidate-manifest.json","artifacts/aiso/T17/","Disposable child / local components only; original live AUDIT unchanged"
"OP50","/api/cron/trial-emails","系統","每日試用電郵","正確去重及失敗重試","UC13","E08","not-tested","T00;T05;T06;T07","worker/Pulse coverage fixtures; actual jobs unavailable","pending same-SHA candidate gate","受阻","candidate-manifest.json","artifacts/aiso/T17/","Disposable child / local components only; original live AUDIT unchanged"
"OP51","/api/cron/search-console","系統","每日搜尋資料同步","成功／停用／失敗均可辨識","UC13","E08;E11","not-tested","T00;T05;T06;T07","worker/Pulse coverage fixtures; actual jobs unavailable","pending same-SHA candidate gate","受阻","candidate-manifest.json","artifacts/aiso/T17/","Disposable child / local components only; original live AUDIT unchanged"
"OP52","https://aiso-kappa.vercel.app/zh-HK/dashboard/ad73afa0-15ad-4790-8a7b-000f7efbec25","帳戶A/B","跨租戶read/write","UC15","UC15","E07;E12","blocked","T16","guarded exact-target tenancy fixtures","pending same-SHA candidate gate","受阻","candidate-manifest.json","artifacts/aiso/T17/","Disposable child / local components only; original live AUDIT unchanged"
"OP53","https://aiso-kappa.vercel.app/zh-HK/dashboard/ad73afa0-15ad-4790-8a7b-000f7efbec25","手機／輔助工具","五工具鍵盤與手機操作","UC14","UC14","E08;E12-E18","not-tested","T13;T16","bilingual keyboard/mobile component fixtures","pending same-SHA candidate gate","待驗收","candidate-manifest.json","artifacts/aiso/T17/","Disposable child / local components only; original live AUDIT unchanged"
"OP54","https://aiso-kappa.vercel.app/zh-HK/dashboard/ad73afa0-15ad-4790-8a7b-000f7efbec25/sources","維護員","201來源及批次失敗重試","UC11","UC11","E08","not-tested","T12","201-source/complete CSV DB and browser fixtures","pending same-SHA candidate gate","待驗收","candidate-manifest.json","artifacts/aiso/T17/","Disposable child / local components only; original live AUDIT unchanged"
"OP55","https://aiso-kappa.vercel.app/zh-HK/dashboard/ad73afa0-15ad-4790-8a7b-000f7efbec25/opportunities","維護員","250觀察完整候選及交付循環","UC12","UC12","E08;E14;E15","not-tested","T12;T16","250-metric DB; human delivery blocked","pending same-SHA candidate gate","受阻","candidate-manifest.json","artifacts/aiso/T17/","Disposable child / local components only; original live AUDIT unchanged"
"OP56","https://aiso-kappa.vercel.app/zh-HK/dashboard/ad73afa0-15ad-4790-8a7b-000f7efbec25/entities","帳戶成員","空名稱必填檢查","不送出空名稱且可復原","UC18","E13","pass","T04;T09;T16","entity/draft/source/readback fixtures","pending same-SHA candidate gate","待驗收","candidate-manifest.json","artifacts/aiso/T17/","Disposable child / local components only; original live AUDIT unchanged"
"OP57","https://aiso-kappa.vercel.app/zh-HK/dashboard/ad73afa0-15ad-4790-8a7b-000f7efbec25/opportunities","帳戶成員","既有版本的自批及交付門檻","不能自批；未核准不能匯出或交付","UC12","E14","pass","T04;T09;T16","entity/draft/source/readback fixtures","pending same-SHA candidate gate","受阻","candidate-manifest.json","artifacts/aiso/T17/","Disposable child / local components only; original live AUDIT unchanged"
"OP58","https://aiso-kappa.vercel.app/zh-HK/dashboard/ad73afa0-15ad-4790-8a7b-000f7efbec25/opportunities","帳戶成員","修改私人草稿並從版本頁重讀","標題備註持久且不自動提交","UC19","E14","pass","T04;T09;T16","entity/draft/source/readback fixtures","pending same-SHA candidate gate","受阻","candidate-manifest.json","artifacts/aiso/T17/","Disposable child / local components only; original live AUDIT unchanged"
"OP59","https://aiso-kappa.vercel.app/zh-HK/dashboard/ad73afa0-15ad-4790-8a7b-000f7efbec25?step=monitor","帳戶成員","閱讀監測空白狀態與量度限制","未知說明，不虛構改善或成功率","UC13","E18","pass","T04;T09;T16","entity/draft/source/readback fixtures","pending same-SHA candidate gate","待驗收","candidate-manifest.json","artifacts/aiso/T17/","Disposable child / local components only; original live AUDIT unchanged"
"OP60","https://aiso-kappa.vercel.app/zh-HK/dashboard/ad73afa0-15ad-4790-8a7b-000f7efbec25/sources","帳戶成員","重讀測試來源持久狀態","不增加版本；狀態與回應一致","UC05","E16","pass","T04;T09;T16","entity/draft/source/readback fixtures","pending same-SHA candidate gate","受阻","candidate-manifest.json","artifacts/aiso/T17/","Disposable child / local components only; original live AUDIT unchanged"
"OP61","https://aiso-kappa.vercel.app/zh-HK/dashboard/ad73afa0-15ad-4790-8a7b-000f7efbec25/opportunities","帳戶成員","解讀改善建議並決定先做甚麼","人可理解的名稱與證據優先順序","UC12;UC19","E14;E19","fail","T19","localized opportunity ordering fixtures","pending same-SHA candidate gate","待驗收","candidate-manifest.json","artifacts/aiso/T17/","Disposable child / local components only; original live AUDIT unchanged"
"OP62","https://aiso-kappa.vercel.app/zh-HK/dashboard/ad73afa0-15ad-4790-8a7b-000f7efbec25/observations","帳戶成員","多週資料篩選","切週結果一致","UC09","E15","not-tested","T09","multiweek observation fixtures","pending same-SHA candidate gate","待驗收","candidate-manifest.json","artifacts/aiso/T17/","Disposable child / local components only; original live AUDIT unchanged"
"OP63","https://aiso-kappa.vercel.app/zh-HK/dashboard/ad73afa0-15ad-4790-8a7b-000f7efbec25/opportunities","帳戶成員","草稿載入更多","游標無重複遺漏","UC12","E14","not-tested","T20","draft pagination UI fixtures","pending same-SHA candidate gate","待驗收","candidate-manifest.json","artifacts/aiso/T17/","Disposable child / local components only; original live AUDIT unchanged"
