"user_case_id","goal_role","steps","expected","baseline_result","baseline_evidence_ids","candidate_sha","fixture_result","live_result","evidence_path"
"UC01","訪客：完成首個網站診斷","開掃描→輸入URL→選行業地區→提交→閱讀結果","報告完成、訊息有證據、估算與量測分清","fail","E02;E08","candidate-manifest.json","See linked OP rows and candidate manifest; pending same-SHA gate","待驗收","artifacts/aiso/T17/"
"UC02","訪客：錯誤輸入與可信優先次序","提交無效URL→觀察重試；執行R01/R04","保留輸入可重試；先呈現完整證據的較嚴重問題","fail","E06:R01,R04;E10","candidate-manifest.json","See linked OP rows and candidate manifest; pending same-SHA gate","待驗收","artifacts/aiso/T17/"
"UC03","分析員：負評與相似字誤判","直接呼叫fallback→檢視提及及情緒","負評不可變positive；相似字不可直接當品牌","fail","E06:R02,R03","candidate-manifest.json","See linked OP rows and candidate manifest; pending same-SHA gate","待驗收","artifacts/aiso/T17/"
"UC04","新用戶：onboarding失敗後續行","填品牌語言市场→提交→中斷→重試→檢查1個client及問題狀態","草稿保留、loading復原、缺失步驟可重試","blocked","E08;E12","candidate-manifest.json","See linked OP rows and candidate manifest; pending same-SHA gate","待驗收","artifacts/aiso/T17/"
"UC05","維護員：核准既有未核准來源","首次匯入→第二次同內容勾核准→檢查approvedAt","同版本成已核准、記actor/time、無重複版本","fail","E06:R07;E08;E16","candidate-manifest.json","See linked OP rows and candidate manifest; pending same-SHA gate","待驗收","artifacts/aiso/T17/"
"UC06","維護員：中文問題新增編輯與啟用","新增→重讀→切換→鍵盤編輯→重試失敗","language正確、切換可存取、失敗不吞草稿","blocked","E08;E17","candidate-manifest.json","See linked OP rows and candidate manifest; pending same-SHA gate","待驗收","artifacts/aiso/T17/"
"UC07","系統：過期方案不阻塞有效客戶","SQL候選LIMIT1→resolver過濾→檢視返回","持續找下一合資格品牌","fail","E06:R05;E08","candidate-manifest.json","See linked OP rows and candidate manifest; pending same-SHA gate","待驗收","artifacts/aiso/T17/"
"UC08","維運：部分平台失敗、續跑及週界","注入平台失敗→中斷→重試→週界續跑→計總數","15個預期嘗試可追蹤、無漏題、無重複、保留成功答案","not-tested","E06:R06;E08","candidate-manifest.json","See linked OP rows and candidate manifest; pending same-SHA gate","待驗收","artifacts/aiso/T17/"
"UC09","分析員：人工覆核觀察","篩選平台→下一頁→開詳情→核對問題快照及答案","可區分API樣本/產品曝光；標示分類與引用證據","blocked","E08;E15","candidate-manifest.json","See linked OP rows and candidate manifest; pending same-SHA gate","待驗收","artifacts/aiso/T17/"
"UC10","回訪用戶：深連結登入","直接開工具→登入頁→Google→返回原工具","安全保留原destination","fail","E03;E07;E08;E12","candidate-manifest.json","See linked OP rows and candidate manifest; pending same-SHA gate","待驗收","artifacts/aiso/T17/"
"UC11","維護員：201來源與混合CSV匯入","分頁找最舊來源→預覽CSV→提交→重試失敗列","可到達201筆；逐筆原因；相同重試不重複","not-tested","E08;E16","candidate-manifest.json","See linked OP rows and candidate manifest; pending same-SHA gate","待驗收","artifacts/aiso/T17/"
"UC12","日常營運：觀察→改善機會→核准資料→草稿→交付→再量測","瀏覽全部候選→保存草稿→引用來源版本→覆核→人工交付記錄→後續掃描","保存具證據版本、不冒稱自動發佈或因果提升；候選全可達","blocked","E08;E12;E14;E15;E16;E18","candidate-manifest.json","See linked OP rows and candidate manifest; pending same-SHA gate","待驗收","artifacts/aiso/T17/"
"UC13","維運：daily/weekly健康與失敗告警","對照HKT時程→近7日run→找未完成品牌→驗證重試","freshness/coverage/lastsuccess可見，壞客戶不阻塞","blocked","E01;E08;E11;E18","candidate-manifest.json","See linked OP rows and candidate manifest; pending same-SHA gate","待驗收","artifacts/aiso/T17/"
"UC14","手機／輔助工具：五工具可操作","導航→表格篩選→編輯→錯誤→焦點恢復","無橫向溢出；控件有名稱狀態；草稿不丟","not-tested","E08","candidate-manifest.json","See linked OP rows and candidate manifest; pending same-SHA gate","待驗收","artifacts/aiso/T17/"
"UC15","安全／租戶：跨帳戶及升降級","A要求B的5工具read/write→檢查403/404→試用過期→重試","所有查詢與寫入維持account scope；不洩漏存在性","blocked","E07;E08;E17","candidate-manifest.json","See linked OP rows and candidate manifest; pending same-SHA gate","待驗收","artifacts/aiso/T17/"
"UC16","訪客：樣本報告、方案FAQ與語系","開示例→讀合成聲明→展開PulseFAQ→切EN","示例與實測清楚；FAQ可展開；路徑語系一致","pass","E04;E10","candidate-manifest.json","See linked OP rows and candidate manifest; pending same-SHA gate","待驗收","artifacts/aiso/T17/"
"UC17","管理員：首次取得網域驗證內容","開Entities→讀放置檔案說明→按檢查一次","檢查前已有可複製內容","fail","E13;E19","candidate-manifest.json","See linked OP rows and candidate manifest; pending same-SHA gate","待驗收","artifacts/aiso/T17/"
"UC18","協作者：品牌識別資料並行儲存","空名稱提交→原值儲存→A改測試alias→B以舊版送出→重載→还原→重讀","必填檢查；舊版不覆蓋較新值；草稿保留可復原","pass","E13;E19","candidate-manifest.json","See linked OP rows and candidate manifest; pending same-SHA gate","待驗收","artifacts/aiso/T17/"
"UC19","維護員：新增草稿後舊工作仍可見","保存c11→看草稿清單→手動重新整理→修改AUDIT標題備註→版本頁重讀","新舊草稿都可見且編輯持久","fail","E14;E19","candidate-manifest.json","See linked OP rows and candidate manifest; pending same-SHA gate","待驗收","artifacts/aiso/T17/"
