"finding_id","priority","title","expected","evidence_ids","user_case_ids"
"F01","P1","llms-full.txt 的結論與實際檢查檔案不一致","顯示的檔名、實際請求、內容解析及修復方向一致；選配檔案不被描述成 AI 搜尋必要條件。","E02;E06:R01;E08;E09","UC01;UC02"
"F02","P1","固定常數被呈現為行業平均","行業平均有資料來源、樣本數、時間及版本；沒有資料時只稱示例基準。","E02;E08","UC01"
"F03","P1","爬蟲可抓取被映射為五個 AI 平台「可見」","分開搜尋、訓練及使用者觸發的抓取政策；技術可存取不等於實際收錄、提及或引用。","E02;E08;E09","UC01;UC02"
"F04","P2","公開報告按固定順序選首項問題，warning 可壓過 failure","先排除未完整採集證據，再依嚴重度與明確收益選可行動問題。","E02;E06:R04;E08","UC02"
"F05","P1","分析降級把負評判成正面，子字串會誤判品牌提及","保留原文，標明降級／未分類；無足夠證據時不能填 positive。品牌匹配須考慮詞界、別名與語言。","E06:R02,R03;E08","UC03;UC09"
"F06","P1","Pulse 沒有完整嘗試分母，部分失敗及重跑會扭曲週報","每個預期問題×平台均有成功／失敗／待重試狀態；完成率與提及率分開；重試不破壞成功證據。","E06:R06;E08","UC08;UC12"
"F07","P1","LIMIT 先於方案檢查，過期舊客戶可令排程提前判完成","跳過不符合資格者，繼續找到下一個有效品牌。","E06:R05;E08","UC07"
"F08","P1","排程鏈欠持久續跑，時間預算及單一壞客戶可中斷整批","未完成工作持久排隊、隔離失敗客戶、可安全補跑且有 freshness 告警。","E08;E11","UC08;UC13"
"F09","P1","同內容重新匯入無法完成資料核准","同一版本可以獨立由待核准轉為已核准，並記錄核准人及時間。","E06:R07;E08;E16","UC05"
"F10","P1","Onboarding 網絡故障與問題生成失敗缺少可續行狀態","保留輸入並可重試；清楚列出建立品牌、問題生成、首掃的獨立狀態與下一步。","E08","UC04"
"F11","P2","香港中文問題被硬寫為英文，seed 缺少語言與市場約束","問題語言與目標市場可見、可確認，影響生成及取樣設定。","E08","UC06"
"F12","P2","觀察頁不足以人工覆核答案，平台量度定義需更清楚","可查看原始答案、真實 collector／模型版本／時間／市場／問題快照／分類方法及來源，分開 API 樣本與消費者產品表面。","E08;E15","UC09"
"F13","P2","來源清單被 200 筆截斷，改善機會只涵蓋最新 200 筆 Pulse","顯示總數、分頁及取樣範圍；所有適用資料可到達。批次匯入有預覽、逐筆錯誤、可重試。","E08;E16","UC11;UC12"
"F14","P2","問題庫的啟用開關缺少可存取名稱與狀態","每個控件有可識別的問題名稱、狀態及鍵盤操作；焦點可見。","E08","UC06;UC14"
"F15","P2","登入重導丟失原本五項工具的目的地","完成登入後回到原品牌原工具，且 next 僅接受站內安全路徑。","E03;E07;E08;E12","UC10"
"F16","P1","正式排程及功能啟用狀態尚未有可核對的運作證據","可核對 deployed worker origin、schedule、last success、coverage、schema及 flag 狀態。","E01;E04;E08;E11","UC13;UC15"
"F17","P2","首次網域驗證沒有先提供檔案內容","先取得完整驗證內容，放置檔案後才執行檢查；空白或載入失敗有明確下一步。","E13;E19","UC17"
"F18","P2","改善機會以內部代號與泛用指示呈現，難以決定下一步","先顯示人可理解的檢查名稱、可用證據及具體下一步；排序依嚴重度與證據，內部代號只作詳情。","E14;E19","UC12;UC19"
"F19","P2","從建議儲存新草稿後，既有草稿暫時漏列","進入已儲存草稿時載入完整首頁，同時選中新草稿；未載入的清單不能看起來像全部。","E14;E19","UC19"
